postal_code,place_name,district_code,district_name,province,post_office_type
40150,Achchuvely,JA,Jaffna,Northern Province,Main Post Office
41160,Adampan,MB,Mannar,Northern Province,Sub Post Office
32350,Addalaichenai,AR,Ampara,Eastern Province,Main Post Office
20713,Adhikarigama,KY,Kandy,Central Province,Sub Post Office
61012,Adippala,PX,Puttalam,North Western Province,Sub Post Office
12200,Agalawatta,KT,Kalutara,Western Province,Main Post Office
80212,Agaliya,GL,Galle,Southern Province,Sub Post Office
22094,Agarapathana,NW,Nuwara Eliya,Central Province,Sub Post Office
31304,Agbopura,TC,Trincomalee,Eastern Province,Sub Post Office
80650,Ahangama,GL,Galle,Southern Province,Main Post Office
80562,Ahungalla,GL,Galle,Southern Province,Main Post Office
11536,Akaragama,GQ,Gampaha,Western Province,Sub Post Office
10732,Akarawita,CO,Colombo,Western Province,Sub Post Office
70082,Akarella,RN,Ratnapura,Sabaragamuwa Province,Sub Post Office
32400,Akkarapattu,AR,Ampara,Eastern Province,Main Post Office
90166,Akkaraseeya,BD,Badulla,Uva Province,Sub Post Office
42425,Akkarayankulam,KO,Kilinochchi,Northern Province,Sub Post Office
80090,Akmeemana,GL,Galle,Southern Province,Main Post Office
21142,Akuramboda,MT,Matale,Central Province,Sub Post Office
20850,Akurana,KY,Kandy,Central Province,Main Post Office
81400,Akuressa,MH,Matara,Southern Province,Main Post Office
60416,Alahenegama,KG,Kurunegala,North Western Province,Sub Post Office
60182,Alahitiyawa,KG,Kurunegala,North Western Province,Sub Post Office
70132,Alakola Ella,RN,Ratnapura,Sabaragamuwa Province,Sub Post Office
42005,Alampil,MP,Mullaitivu,Northern Province,Sub Post Office
81475,Alapaladeniya,MH,Matara,Southern Province,Sub Post Office
40120,Alaveddy,JA,Jaffna,Northern Province,Main Post Office
11122,Alawala,GQ,Gampaha,Western Province,Sub Post Office
20140,Alawatugoda,KY,Kandy,Central Province,Main Post Office
71204,Alawatura,KE,Kegalle,Sabaragamuwa Province,Sub Post Office
60047,Alawatuwala,KG,Kurunegala,North Western Province,Sub Post Office
60280,Alawwa,KG,Kurunegala,North Western Province,Main Post Office
71607,Algama,KE,Kegalle,Sabaragamuwa Province,Sub Post Office
42565,Aliyawalai,KO,Kilinochchi,Northern Province,Sub Post Office
40048,Allaipiddy,JA,Jaffna,Northern Province,Sub Post Office
12524,Alubomulla,KT,Kalutara,Western Province,Sub Post Office
20062,Aludeniya,KY,Kandy,Central Province,Sub Post Office
90736,Aluketiyawa,BD,Badulla,Uva Province,Sub Post Office
12080,Aluthgama,KT,Kalutara,Western Province,Main Post Office
71508,Aluthnuwara,KE,Kegalle,Sabaragamuwa Province,Sub Post Office
90722,Aluththarama,BD,Badulla,Uva Province,Sub Post Office
80332,Aluthwala,GL,Galle,Southern Province,Sub Post Office
51014,Aluthwewa,PR,Polonnaruwa,North Central Province,Sub Post Office
40635,Alvai,JA,Jaffna,Northern Province,Sub Post Office
21004,Alwatta,MT,Matale,Central Province,Sub Post Office
90108,Ambadandegama,BD,Badulla,Uva Province,Sub Post Office
20986,Ambagahapelassa,KY,Kandy,Central Province,Sub Post Office
90326,Ambagahawatte,BD,Badulla,Uva Province,Sub Post Office
22678,Ambagamuwa Udabulathgama,NW,Nuwara Eliya,Central Province,Sub Post Office
90300,Ambagasdowa,BD,Badulla,Uva Province,Main Post Office
11052,Ambagaspitiya,GQ,Gampaha,Western Province,Sub Post Office
61024,Ambakandawila,PX,Puttalam,North Western Province,Sub Post Office
60036,Ambakote,KG,Kurunegala,North Western Province,Sub Post Office
71546,Ambalakanda,KE,Kegalle,Sabaragamuwa Province,Sub Post Office
80300,Ambalangoda,GL,Galle,Southern Province,Main Post Office
82100,Ambalantota,HB,Hambantota,Southern Province,Main Post Office
21504,Ambana,MT,Matale,Central Province,Sub Post Office
22284,Ambanella,NW,Nuwara Eliya,Central Province,Sub Post Office
60650,Ambanpola,KG,Kurunegala,North Western Province,Main Post Office
22686,Ambatalawa,NW,Nuwara Eliya,Central Province,Sub Post Office
20136,Ambatenna,KY,Kandy,Central Province,Sub Post Office
11212,Ambepussa,GQ,Gampaha,Western Province,Sub Post Office
22216,Ambewela,NW,Nuwara Eliya,Central Province,Sub Post Office
71503,Ambulugala,KE,Kegalle,Sabaragamuwa Province,Sub Post Office
71320,Amitirigala,KE,Kegalle,Sabaragamuwa Province,Main Post Office
71232,Ampagala,KE,Kegalle,Sabaragamuwa Province,Sub Post Office
32000,Ampara,APR,Ampara,Eastern Province,Main Post Office
80204,Ampegama,GL,Galle,Southern Province,Sub Post Office
30162,Ampilanthurai,BC,Batticaloa,Eastern Province,Sub Post Office
20160,Ampitiya,KY,Kandy,Central Province,Main Post Office
80422,Amugoda,GL,Galle,Southern Province,Sub Post Office
90204,Amunumulla,BD,Badulla,Uva Province,Sub Post Office
40198,Anaicoddai,JA,Jaffna,Northern Province,Sub Post Office
40280,Analaithivu,JA,Jaffna,Northern Province,Main Post Office
61500,Anamaduwa,PX,Puttalam,North Western Province,Main Post Office
80044,Anangoda,GL,Galle,Southern Province,Sub Post Office
21077,Andawala Lihinipitiya,MT,Matale,Central Province,Sub Post Office
11558,Andiambalama,GQ,Gampaha,Western Province,Sub Post Office
61508,Andigama,PX,Puttalam,North Western Province,Sub Post Office
50112,Andiyagala,AD,Anuradhapura,North Central Province,Sub Post Office
50248,Angamuwa,AD,Anuradhapura,North Central Province,Sub Post Office
80122,Angulugaha,GL,Galle,Southern Province,Sub Post Office
82220,Angunakolapelessa,HB,Hambantota,Southern Province,Main Post Office
91302,Angunakolawewa,MJ,Monaragala,Uva Province,Sub Post Office
61264,Angunawila,PX,Puttalam,North Western Province,Sub Post Office
12320,Anguruwatota,KT,Kalutara,Western Province,Main Post Office
60074,Anhandiya,KG,Kurunegala,North Western Province,Sub Post Office
71403,Anhettigama,KE,Kegalle,Sabaragamuwa Province,Sub Post Office
80048,Ankokkawala,GL,Galle,Southern Province,Sub Post Office
20150,Ankumbura,KY,Kandy,Central Province,Main Post Office
60214,Anukkane,KG,Kurunegala,North Western Province,Sub Post Office
50033,Anura Wijayapura,AD,Anuradhapura,North Central Province,Sub Post Office
50000,Anuradhapura,AD,Anuradhapura,North Central Province,Main Post Office
81032,Aparekka,MH,Matara,Southern Province,Sub Post Office
60243,Arachchikattuwa,PX,Puttalam,North Western Province,Sub Post Office
60308,Aragoda,KG,Kurunegala,North Western Province,Sub Post Office
51100,Aralaganwila,PR,Polonnaruwa,North Central Province,Main Post Office
71540,Aranayaka,KE,Kegalle,Sabaragamuwa Province,Main Post Office
90017,Arawa,BD,Badulla,Uva Province,Sub Post Office
90532,Arawakumbura,BD,Badulla,Uva Province,Sub Post Office
90712,Arawatte,BD,Badulla,Uva Province,Sub Post Office
30150,Arayampathy,BC,Batticaloa,Eastern Province,Main Post Office
41060,Arippu,MB,Mannar,Northern Province,Sub Post Office
71041,Aruggammana,KE,Kegalle,Sabaragamuwa Province,Sub Post Office
51072,Aselapura,PR,Polonnaruwa,North Central Province,Sub Post Office
20574,Atabage,KY,Kandy,Central Province,Sub Post Office
70294,Atakalanpanna,RN,Ratnapura,Sabaragamuwa Province,Sub Post Office
90542,Atakiriya,BD,Badulla,Uva Province,Sub Post Office
71363,Atale,KE,Kegalle,Sabaragamuwa Province,Sub Post Office
60706,Ataragalla,KG,Kurunegala,North Western Province,Sub Post Office
21512,Ataragallewa,MT,Matale,Central Province,Sub Post Office
41180,Aththimottai,MB,Mannar,Northern Province,Sub Post Office
10150,Athurugiriya,CO,Colombo,Western Province,Main Post Office
11120,Attanagalla,GQ,Gampaha,Western Province,Main Post Office
51235,Attanakadawala,PR,Polonnaruwa,North Central Province,Sub Post Office
61328,Attawilluwa,PX,Puttalam,North Western Province,Sub Post Office
81402,Aturaliya,MH,Matara,Southern Province,Sub Post Office
50169,Awukana,AD,Anuradhapura,North Central Province,Sub Post Office
60462,Awulegama,KG,Kurunegala,North Western Province,Sub Post Office
70024,Ayagama,RN,Ratnapura,Sabaragamuwa Province,Main Post Office
30362,Ayithiyamalai,BC,Batticaloa,Eastern Province,Sub Post Office
91516,Ayiwela,MJ,Monaragala,Uva Province,Sub Post Office
11538,Badalgama,GQ,Gampaha,Western Province,Sub Post Office
91070,Badalkumbura,MJ,Monaragala,Uva Province,Main Post Office
80200,Baddegama,GL,Galle,Southern Province,Main Post Office
90000,Badulla,BD,Badulla,Uva Province,Main Post Office
90019,Baduluoya,BD,Badulla,Uva Province,Sub Post Office
91058,Baduluwela,MJ,Monaragala,Uva Province,Sub Post Office
12230,Baduraliya,KT,Kalutara,Western Province,Main Post Office
51250,Bakamuna,PR,Polonnaruwa,North Central Province,Main Post Office
30206,Bakiella,BC,Batticaloa,Eastern Province,Sub Post Office
91554,Bakinigahawela,MJ,Monaragala,Uva Province,Sub Post Office
31028,Bakmeegama,TC,Trincomalee,Eastern Province,Sub Post Office
32024,Bakmitiyawa,APR,Ampara,Eastern Province,Sub Post Office
91295,Balaharuwa,MJ,Monaragala,Uva Province,Sub Post Office
60604,Balalla,KG,Kurunegala,North Western Province,Sub Post Office
20308,Balana,KY,Kandy,Central Province,Sub Post Office
70100,Balangoda,RN,Ratnapura,Sabaragamuwa Province,Main Post Office
80550,Balapitiya,GL,Galle,Southern Province,Main Post Office
90092,Ballaketuwa,BD,Badulla,Uva Province,Sub Post Office
20644,Bambaragahaela,KY,Kandy,Central Province,Sub Post Office
21212,Bambaragaswewa,MT,Matale,Central Province,Sub Post Office
90322,Bambarapana,BD,Badulla,Uva Province,Sub Post Office
60347,Bamunakotuwa,KG,Kurunegala,North Western Province,Sub Post Office
80143,Banagala,GL,Galle,Southern Province,Sub Post Office
82005,Bandagiriya Colony,HB,Hambantota,Southern Province,Sub Post Office
60424,Bandara Koswatta,KG,Kurunegala,North Western Province,Sub Post Office
12530,Bandaragama,KT,Kalutara,Western Province,Main Post Office
90100,Bandarawela,BD,Badulla,Uva Province,Main Post Office
11244,Banduragoda,GQ,Gampaha,Western Province,Sub Post Office
61238,Bangadeniya,PX,Puttalam,North Western Province,Sub Post Office
61262,Baranankattuwa,PX,Puttalam,North Western Province,Sub Post Office
82110,Barawakumbuka,HB,Hambantota,Southern Province,Main Post Office
20967,Barawardhanaoya,KY,Kandy,Central Province,Sub Post Office
20154,Batagolladeniya,KY,Kandy,Central Province,Sub Post Office
80320,Batapola,GL,Galle,Southern Province,Main Post Office
70504,Batatota,RN,Ratnapura,Sabaragamuwa Province,Sub Post Office
10513,Batawala,CO,Colombo,Western Province,Sub Post Office
10120,Battaramulla,CO,Colombo,Western Province,Main Post Office
30000,Batticaloa,BC,Batticaloa,Eastern Province,Main Post Office
61246,Battuluoya,PX,Puttalam,North Western Province,Sub Post Office
10526,Batugampola,CO,Colombo,Western Province,Sub Post Office
20132,Batugoda,KY,Kandy,Central Province,Sub Post Office
20966,Batumulla,KY,Kandy,Central Province,Sub Post Office
11011,Batuwatta,GQ,Gampaha,Western Province,Main Post Office
71321,Batuwita,KE,Kegalle,Sabaragamuwa Province,Sub Post Office
20218,Bawlana,KY,Kandy,Central Province,Sub Post Office
82400,Beliatta,HB,Hambantota,Southern Province,Main Post Office
71044,Beligala,KE,Kegalle,Sabaragamuwa Province,Sub Post Office
21214,Beligamuwa,MT,Matale,Central Province,Sub Post Office
70140,Belihuloya,RN,Ratnapura,Sabaragamuwa Province,Main Post Office
12224,Bellana,KT,Kalutara,Western Province,Sub Post Office
11040,Bemmulla,GQ,Gampaha,Western Province,Main Post Office
81614,Bengamuwa,MH,Matara,Southern Province,Sub Post Office
80500,Bentota,GL,Galle,Southern Province,Main Post Office
82102,Beragama,HB,Hambantota,Southern Province,Sub Post Office
81541,Beralapanathara,MH,Matara,Southern Province,Sub Post Office
82618,Beralihela,HB,Hambantota,Southern Province,Sub Post Office
90066,Beramada,BD,Badulla,Uva Province,Sub Post Office
71706,Berannawa,KE,Kegalle,Sabaragamuwa Province,Sub Post Office
12070,Beruwala,KT,Kalutara,Western Province,Main Post Office
91500,Bibila,MJ,Monaragala,Uva Province,Main Post Office
90502,Bibilegama,BD,Badulla,Uva Province,Sub Post Office
60450,Bingiriya,KG,Kurunegala,North Western Province,Main Post Office
11650,Biyagama,GQ,Gampaha,Western Province,Main Post Office
11672,Biyagama EPZ,GQ,Gampaha,Western Province,Sub Post Office
90354,Bogahakumbura,BD,Badulla,Uva Province,Sub Post Office
91074,Bogahapelassa,MJ,Monaragala,Uva Province,Sub Post Office
50566,Bogahawewa,AD,Anuradhapura,North Central Province,Sub Post Office
60107,Bogamulla,KG,Kurunegala,North Western Province,Sub Post Office
43583,Bogaswewa,VA,Vavuniya,Northern Province,Sub Post Office
22060,Bogawantalawa,NW,Nuwara Eliya,Central Province,Main Post Office
11216,Bokalagama,GQ,Gampaha,Western Province,Sub Post Office
20093,Bokkawela,KY,Kandy,Central Province,Sub Post Office
11024,Bollete,GQ,Gampaha,Western Province,Sub Post Office
12008,Bolossagama,KT,Kalutara,Western Province,Sub Post Office
70131,Bolthumbe,RN,Ratnapura,Sabaragamuwa Province,Sub Post Office
12024,Bombuwala,KT,Kalutara,Western Province,Sub Post Office
80270,Boossa,GL,Galle,Southern Province,Main Post Office
11134,Bopagama,GQ,Gampaha,Western Province,Sub Post Office
81412,Bopagoda,MH,Matara,Southern Province,Sub Post Office
20932,Bopana,KY,Kandy,Central Province,Sub Post Office
22095,Bopattalawa,NW,Nuwara Eliya,Central Province,Sub Post Office
10522,Bope,CO,Colombo,Western Province,Sub Post Office
60155,Bopitiya,KG,Kurunegala,North Western Province,Sub Post Office
71612,Bopitiya,KE,Kegalle,Sabaragamuwa Province,Sub Post Office
90362,Boragas,BD,Badulla,Uva Province,Sub Post Office
90170,Boralanda,BD,Badulla,Uva Province,Main Post Office
71418,Boralankada,KE,Kegalle,Sabaragamuwa Province,Sub Post Office
10290,Boralesgamuwa,CO,Colombo,Western Province,Main Post Office
61152,Boralessa,PX,Puttalam,North Western Province,Sub Post Office
12142,Boralugoda,KT,Kalutara,Western Province,Sub Post Office
70344,Boraluwageaina,RN,Ratnapura,Sabaragamuwa Province,Sub Post Office
60437,Boraluwewa,KG,Kurunegala,North Western Province,Sub Post Office
32073,Borapola,APR,Ampara,Eastern Province,Sub Post Office
00800,Borella,CO,Colombo,Western Province,Main Post Office
71208,Bossella,KE,Kegalle,Sabaragamuwa Province,Sub Post Office
12307,Botalegama,KT,Kalutara,Western Province,Sub Post Office
82458,Bowalagama,HB,Hambantota,Southern Province,Sub Post Office
90302,Bowela,BD,Badulla,Uva Province,Sub Post Office
60027,Boyagane,KG,Kurunegala,North Western Province,Sub Post Office
91038,Buddama,MJ,Monaragala,Uva Province,Sub Post Office
61136,Bujjampola,PX,Puttalam,North Western Province,Sub Post Office
60291,Bujjomuwa,KG,Kurunegala,North Western Province,Sub Post Office
71230,Bulathkohupitiya,KE,Kegalle,Sabaragamuwa Province,Main Post Office
12300,Bulathsinhala,KT,Kalutara,Western Province,Main Post Office
70346,Bulutota,RN,Ratnapura,Sabaragamuwa Province,Sub Post Office
60076,Buluwala,KG,Kurunegala,North Western Province,Sub Post Office
82002,Bundala,HB,Hambantota,Southern Province,Sub Post Office
11720,Buthpitiya,GQ,Gampaha,Western Province,Main Post Office
91100,Buttala,MJ,Monaragala,Uva Province,Main Post Office
32050,Central Camp,APR,Ampara,Eastern Province,Main Post Office
40212,Chankanai,JA,Jaffna,Northern Province,Main Post Office
40500,Chavakachcheri,JA,Jaffna,Northern Province,Main Post Office
32306,Chavalakadai,AR,Ampara,Eastern Province,Sub Post Office
43120,Cheddikulam,VA,Vavuniya,Northern Province,Main Post Office
30194,Cheddipalayam,BC,Batticaloa,Eastern Province,Sub Post Office
43060,Chemamadukkulam,VA,Vavuniya,Northern Province,Sub Post Office
30350,Chenkaladi,BC,Batticaloa,Eastern Province,Main Post Office
41140,Chilavathurai,MB,Mannar,Northern Province,Main Post Office
61000,Chilaw,PX,Puttalam,North Western Province,Main Post Office
31050,Chinabay,TC,Trincomalee,Eastern Province,Main Post Office
40230,Chulipuram,JA,Jaffna,Northern Province,Main Post Office
40075,Chunnakam,JA,Jaffna,Northern Province,Main Post Office
32046,Dadayamtalawa,APR,Ampara,Eastern Province,Sub Post Office
11524,Dagonna,GQ,Gampaha,Western Province,Sub Post Office
51092,Dalukana,PR,Polonnaruwa,North Central Province,Sub Post Office
32014,Damana,APR,Ampara,Eastern Province,Sub Post Office
32126,Damanewela,APR,Ampara,Eastern Province,Sub Post Office
60130,Dambadeniya,KG,Kurunegala,North Western Province,Main Post Office
91050,Dambagalla,MJ,Monaragala,Uva Province,Main Post Office
90714,Dambana,BD,Badulla,Uva Province,Sub Post Office
90161,Dambetenna,BD,Badulla,Uva Province,Sub Post Office
21100,Dambulla,MT,Matale,Central Province,Main Post Office
70019,Dambuluwana,RN,Ratnapura,Sabaragamuwa Province,Sub Post Office
51106,Damminna,PR,Polonnaruwa,North Central Province,Sub Post Office
81612,Dampahala,MH,Matara,Southern Province,Sub Post Office
71034,Damunupola,KE,Kegalle,Sabaragamuwa Province,Sub Post Office
12148,Danawala Thiniyawala,KT,Kalutara,Western Province,Sub Post Office
81476,Dangala,MH,Matara,Southern Province,Sub Post Office
21032,Dankanda,MT,Matale,Central Province,Sub Post Office
61130,Dankotuwa,PX,Puttalam,North Western Province,Main Post Office
11896,Danowita,GQ,Gampaha,Western Province,Sub Post Office
20465,Danture,KY,Kandy,Central Province,Main Post Office
60174,Daraluwa,KG,Kurunegala,North Western Province,Sub Post Office
71430,Daraniyagala,KE,Kegalle,Sabaragamuwa Province,Main Post Office
70455,Daugala,RN,Ratnapura,Sabaragamuwa Province,Sub Post Office
22096,Dayagama Bazaar,NW,Nuwara Eliya,Central Province,Sub Post Office
11889,Debahera,GQ,Gampaha,Western Province,Sub Post Office
71037,Debathgama,KE,Kegalle,Sabaragamuwa Province,Sub Post Office
10656,Dedigamuwa,CO,Colombo,Western Province,Sub Post Office
71237,Dedugala,KE,Kegalle,Sabaragamuwa Province,Sub Post Office
20068,Dedunupitiya,KY,Kandy,Central Province,Sub Post Office
81452,Deegala Lenama,MH,Matara,Southern Province,Sub Post Office
60228,Deegalla,KG,Kurunegala,North Western Province,Sub Post Office
32006,Deegawapiya,APR,Ampara,Eastern Province,Sub Post Office
60123,Deekirikewa,KG,Kurunegala,North Western Province,Sub Post Office
71022,Deewala Pallegama,KE,Kegalle,Sabaragamuwa Province,Sub Post Office
32150,Dehiattakandiya,APR,Ampara,Eastern Province,Main Post Office
90709,Dehigama,BD,Badulla,Uva Province,Sub Post Office
71400,Dehiowita,KE,Kegalle,Sabaragamuwa Province,Main Post Office
20739,Dehipe,KY,Kandy,Central Province,Sub Post Office
10350,Dehiwala,CO,Colombo,Western Province,Main Post Office
31226,Dehiwatte,TC,Trincomalee,Eastern Province,Sub Post Office
81320,Deiyandara,MH,Matara,Southern Province,Main Post Office
11690,Dekatana,GQ,Gampaha,Western Province,Sub Post Office
20658,Dekinda,KY,Kandy,Central Province,Sub Post Office
70042,Dela,RN,Ratnapura,Sabaragamuwa Province,Sub Post Office
71009,Deldeniya,KE,Kegalle,Sabaragamuwa Province,Sub Post Office
40378,Delft West,JA,Jaffna,Northern Province,Sub Post Office
40370,Delft,JA,Jaffna,Northern Province,Main Post Office
11700,Delgoda,GQ,Gampaha,Western Province,Main Post Office
81477,Dellawa,MH,Matara,Southern Province,Sub Post Office
12304,Delmella,KT,Kalutara,Western Province,Sub Post Office
71401,Deloluwa,KE,Kegalle,Sabaragamuwa Province,Sub Post Office
10302,Deltara,CO,Colombo,Western Province,Sub Post Office
20430,Deltota,KY,Kandy,Central Province,Main Post Office
11228,Delwagura,GQ,Gampaha,Western Province,Sub Post Office
70046,Delwala,RN,Ratnapura,Sabaragamuwa Province,Sub Post Office
60044,Delwita,KG,Kurunegala,North Western Province,Sub Post Office
11692,Demalagama,GQ,Gampaha,Western Province,Sub Post Office
11270,Demanhandiya,GQ,Gampaha,Western Province,Main Post Office
60024,Demataluwa,KG,Kurunegala,North Western Province,Sub Post Office
50356,Dematawewa,AD,Anuradhapura,North Central Province,Sub Post Office
90080,Demodara,BD,Badulla,Uva Province,Main Post Office
70332,Demuwatha,RN,Ratnapura,Sabaragamuwa Province,Sub Post Office
81314,Denagama,MH,Matara,Southern Province,Sub Post Office
81730,Denipitiya,MH,Matara,Southern Province,Main Post Office
81500,Deniyaya,MH,Matara,Southern Province,Main Post Office
81454,Derangala,MH,Matara,Southern Province,Sub Post Office
21552,Devagiriya,MT,Matale,Central Province,Sub Post Office
32038,Devalahinda,APR,Ampara,Eastern Province,Sub Post Office
81160,Devinuwara,MH,Matara,Southern Province,Main Post Office
70509,Devipahala,RN,Ratnapura,Sabaragamuwa Province,Sub Post Office
51094,Dewagala,PR,Polonnaruwa,North Central Province,Sub Post Office
21206,Dewahuwa,MT,Matale,Central Province,Main Post Office
11102,Dewalapola,GQ,Gampaha,Western Province,Main Post Office
71050,Dewalegama,KE,Kegalle,Sabaragamuwa Province,Main Post Office
71527,Dewanagala,KE,Kegalle,Sabaragamuwa Province,Sub Post Office
50027,Dewanampiyatissapura,AD,Anuradhapura,North Central Province,Sub Post Office
12090,Dharga Town,KT,Kalutara,Western Province,Main Post Office
60544,Diddeniya,KG,Kurunegala,North Western Province,Sub Post Office
32008,Digamadulla Weeragoda,APR,Ampara,Eastern Province,Sub Post Office
20185,Digana,KY,Kandy,Central Province,Main Post Office
70037,Diganakanda,RN,Ratnapura,Sabaragamuwa Province,Sub Post Office
90132,Diganatenna,BD,Badulla,Uva Province,Sub Post Office
60485,Digannewa,KG,Kurunegala,North Western Province,Sub Post Office
90214,Dikkapitiya,BD,Badulla,Uva Province,Sub Post Office
80654,Dikkumbura,GL,Galle,Southern Province,Sub Post Office
22050,Dikoya,NW,Nuwara Eliya,Central Province,Main Post Office
81200,Dikwella,MH,Matara,Southern Province,Main Post Office
51031,Dimbulagala,PR,Polonnaruwa,North Central Province,Sub Post Office
90324,Dimbulana,BD,Badulla,Uva Province,Sub Post Office
51003,Divulana,PR,Polonnaruwa,North Central Province,Sub Post Office
51428,Divulankadawala,PR,Polonnaruwa,North Central Province,Sub Post Office
90726,Divulapelessa,BD,Badulla,Uva Province,Sub Post Office
11250,Divulapitiya,GQ,Gampaha,Western Province,Main Post Office
51104,Divuldamana,PR,Polonnaruwa,North Central Province,Sub Post Office
11208,Divuldeniya,GQ,Gampaha,Western Province,Sub Post Office
60472,Divullegoda,KG,Kurunegala,North Western Province,Sub Post Office
12308,Diwalakada,KT,Kalutara,Western Province,Sub Post Office
51225,Diyabeduma,PR,Polonnaruwa,North Central Province,Sub Post Office
81038,Diyagaha,MH,Matara,Southern Province,Sub Post Office
91514,Diyakobala,MJ,Monaragala,Uva Province,Sub Post Office
81422,Diyalape,MH,Matara,Southern Province,Sub Post Office
51504,Diyasenpura,PR,Polonnaruwa,North Central Province,Sub Post Office
90150,Diyatalawa,BD,Badulla,Uva Province,Main Post Office
70017,Dodampe,RN,Ratnapura,Sabaragamuwa Province,Sub Post Office
80250,Dodanduwa,GL,Galle,Southern Province,Main Post Office
60530,Dodangaslanda,KG,Kurunegala,North Western Province,Main Post Office
12020,Dodangoda,KT,Kalutara,Western Province,Main Post Office
20126,Dolapihilla,KY,Kandy,Central Province,Sub Post Office
20510,Dolosbage,KY,Kandy,Central Province,Main Post Office
70404,Doloswalakanda,RN,Ratnapura,Sabaragamuwa Province,Sub Post Office
20532,Doluwa,KY,Kandy,Central Province,Main Post Office
91010,Dombagahawela,MJ,Monaragala,Uva Province,Main Post Office
12416,Dombagoda,KT,Kalutara,Western Province,Sub Post Office
71115,Dombemada,KE,Kegalle,Sabaragamuwa Province,Sub Post Office
11680,Dompe,GQ,Gampaha,Western Province,Main Post Office
90104,Doolgolla,BD,Badulla,Uva Province,Sub Post Office
22567,Doragala,NW,Nuwara Eliya,Central Province,Sub Post Office
20816,Doragamuwa,KY,Kandy,Central Province,Sub Post Office
32104,Dorakumbura,APR,Ampara,Eastern Province,Sub Post Office
60013,Doratiyawa,KG,Kurunegala,North Western Province,Sub Post Office
71601,Dorawaka,KE,Kegalle,Sabaragamuwa Province,Sub Post Office
21054,Dullewa,MT,Matale,Central Province,Sub Post Office
70495,Dumbara Manana,RN,Ratnapura,Sabaragamuwa Province,Sub Post Office
60260,Dummalasuriya,KG,Kurunegala,North Western Province,Main Post Office
11264,Dunagaha,GQ,Gampaha,Western Province,Sub Post Office
61192,Dunkannawa,PX,Puttalam,North Western Province,Sub Post Office
21046,Dunkolawatte,MT,Matale,Central Province,Sub Post Office
22002,Dunukedeniya,NW,Nuwara Eliya,Central Province,Sub Post Office
50214,Dunumadalawa,AD,Anuradhapura,North Central Province,Sub Post Office
71605,Dunumala,KE,Kegalle,Sabaragamuwa Province,Sub Post Office
20824,Dunuwila,KY,Kandy,Central Province,Sub Post Office
21538,Dunuwilapitiya,MT,Matale,Central Province,Sub Post Office
50393,Dutuwewa,AD,Anuradhapura,North Central Province,Sub Post Office
90013,Egodawela,BD,Badulla,Uva Province,Sub Post Office
70600,Eheliyagoda,RN,Ratnapura,Sabaragamuwa Province,Main Post Office
60716,Ehetuwewa,KG,Kurunegala,North Western Province,Sub Post Office
11380,Ekala,GQ,Gampaha,Western Province,Main Post Office
91254,Ekamuthugama,MJ,Monaragala,Uva Province,Sub Post Office
20732,Ekiriya,KY,Kandy,Central Province,Sub Post Office
91502,Ekiriyankumbura,MJ,Monaragala,Uva Province,Sub Post Office
60165,Elabadagama,KG,Kurunegala,North Western Province,Sub Post Office
51258,Elahera,PR,Polonnaruwa,North Central Province,Sub Post Office
22742,Elamulla,NW,Nuwara Eliya,Central Province,Sub Post Office
70032,Elapatha,RN,Ratnapura,Sabaragamuwa Province,Sub Post Office
50014,Elayapattuwa,AD,Anuradhapura,North Central Province,Sub Post Office
60156,Elibichchiya,KG,Kurunegala,North Western Province,Sub Post Office
21012,Elkaduwa,MT,Matale,Central Province,Sub Post Office
90090,Ella,BD,Badulla,Uva Province,Main Post Office
80402,Ella Tanabaddegama,GL,Galle,Southern Province,Sub Post Office
82619,Ellagala,HB,Hambantota,Southern Province,Sub Post Office
70492,Ellagawa,RN,Ratnapura,Sabaragamuwa Province,Sub Post Office
11116,Ellakkala,GQ,Gampaha,Western Province,Sub Post Office
70552,Ellaulla,RN,Ratnapura,Sabaragamuwa Province,Sub Post Office
70606,Ellawala,RN,Ratnapura,Sabaragamuwa Province,Sub Post Office
51034,Ellewewa,PR,Polonnaruwa,North Central Province,Sub Post Office
40275,Elluvaithivu,JA,Jaffna,Northern Province,Sub Post Office
80400,Elpitiya,GL,Galle,Southern Province,Main Post Office
42580,Eluthumadduval,KO,Kilinochchi,Northern Province,Sub Post Office
61308,Eluwankulama,PX,Puttalam,North Western Province,Sub Post Office
70200,Embilipitiya,RN,Ratnapura,Sabaragamuwa Province,Main Post Office
60718,Embogama,KG,Kurunegala,North Western Province,Sub Post Office
50265,Endagala,AD,Anuradhapura,North Central Province,Sub Post Office
70156,Endana,RN,Ratnapura,Sabaragamuwa Province,Sub Post Office
50260,Eppawala,AD,Anuradhapura,North Central Province,Main Post Office
70506,Eratna,RN,Ratnapura,Sabaragamuwa Province,Sub Post Office
30300,Eravur,BC,Batticaloa,Eastern Province,Main Post Office
21108,Erawula Junction,MT,Matale,Central Province,Sub Post Office
70602,Erepola,RN,Ratnapura,Sabaragamuwa Province,Sub Post Office
40080,Erlalai,JA,Jaffna,Northern Province,Sub Post Office
41200,Erukkalampiddy,MB,Mannar,Northern Province,Main Post Office
11108,Essella,GQ,Gampaha,Western Province,Sub Post Office
21402,Etanwala,MT,Matale,Central Province,Sub Post Office
50584,Etawatunuwewa,AD,Anuradhapura,North Central Province,Sub Post Office
50518,Etaweeragollewa,AD,Anuradhapura,North Central Province,Sub Post Office
91250,Ethiliwewa,MJ,Monaragala,Uva Province,Main Post Office
91020,Ethimalewewa,MJ,Monaragala,Uva Province,Main Post Office
80458,Ethkandura,GL,Galle,Southern Province,Sub Post Office
80112,Ethumale,GL,Galle,Southern Province,Sub Post Office
61141,Etiyawala,PX,Puttalam,North Western Province,Sub Post Office
61343,Ettale,PX,Puttalam,North Western Province,Sub Post Office
90140,Ettampitiya,BD,Badulla,Uva Province,Main Post Office
20202,Etulgama,KY,Kandy,Central Province,Sub Post Office
60266,Etungahakotuwa,KG,Kurunegala,North Western Province,Sub Post Office
91008,Galabedda,MJ,Monaragala,Uva Province,Sub Post Office
20664,Galaboda,KY,Kandy,Central Province,Sub Post Office
20915,Galabodawatta,KY,Kandy,Central Province,Sub Post Office
50210,Galadivulwewa,AD,Anuradhapura,North Central Province,Sub Post Office
20100,Galagedara,KY,Kandy,Central Province,Main Post Office
20420,Galaha,KY,Kandy,Central Province,Main Post Office
51416,Galamuna,PR,Polonnaruwa,North Central Province,Sub Post Office
32066,Galapitagala,APR,Ampara,Eastern Province,Sub Post Office
71603,Galapitamada,KE,Kegalle,Sabaragamuwa Province,Main Post Office
71505,Galatara,KE,Kegalle,Sabaragamuwa Province,Sub Post Office
90065,Galauda,BD,Badulla,Uva Province,Sub Post Office
90206,Galedanda,BD,Badulla,Uva Province,Sub Post Office
50390,Galenbindunuwewa,AD,Anuradhapura,North Central Province,Main Post Office
21200,Galewela,MT,Matale,Central Province,Main Post Office
60700,Galgamuwa,KG,Kurunegala,North Western Province,Main Post Office
20152,Galhinna,KY,Kandy,Central Province,Sub Post Office
71350,Galigamuwa Town,KE,Kegalle,Sabaragamuwa Province,Main Post Office
50006,Galkadawala,AD,Anuradhapura,North Central Province,Sub Post Office
50120,Galkiriyagama,AD,Anuradhapura,North Central Province,Main Post Office
50064,Galkulama,AD,Anuradhapura,North Central Province,Sub Post Office
80000,Galle,GL,Galle,Southern Province,Main Post Office
70062,Gallella,RN,Ratnapura,Sabaragamuwa Province,Sub Post Office
20095,Gallellagama,KY,Kandy,Central Province,Sub Post Office
60712,Gallewa,KG,Kurunegala,North Western Province,Sub Post Office
31318,Galmetiyawa,TC,Trincomalee,Eastern Province,Sub Post Office
61233,Galmuruwa,PX,Puttalam,North Western Province,Sub Post Office
50170,Galnewa,AD,Anuradhapura,North Central Province,Main Post Office
51375,Galoya Junction,PR,Polonnaruwa,North Central Province,Sub Post Office
12005,Galpatha,KT,Kalutara,Western Province,Sub Post Office
71312,Galpatha,KE,Kegalle,Sabaragamuwa Province,Sub Post Office
90752,Galporuyaya,BD,Badulla,Uva Province,Sub Post Office
12016,Gamagoda,KT,Kalutara,Western Province,Sub Post Office
50057,Gambirigaswewa,AD,Anuradhapura,North Central Province,Sub Post Office
90512,Gamewela,BD,Badulla,Uva Province,Sub Post Office
21068,Gammaduwa,MT,Matale,Central Province,Sub Post Office
11000,Gampaha,GQ,Gampaha,Western Province,Main Post Office
20500,Gampola,KY,Kandy,Central Province,Main Post Office
81170,Gandara,MH,Matara,Southern Province,Main Post Office
80440,Ganegoda,GL,Galle,Southern Province,Main Post Office
11020,Ganemulla,GQ,Gampaha,Western Province,Main Post Office
50142,Ganewalpola,AD,Anuradhapura,North Central Province,Sub Post Office
21404,Gangala Puwakpitiya,MT,Matale,Central Province,Sub Post Office
70195,Gangeyaya,RN,Ratnapura,Sabaragamuwa Province,Sub Post Office
82506,Gangulandeniya,HB,Hambantota,Southern Province,Sub Post Office
20735,Gannewa Udagama,KY,Kandy,Central Province,Sub Post Office
71222,Gantuna,KE,Kegalle,Sabaragamuwa Province,Sub Post Office
70026,Gawaragiriya,RN,Ratnapura,Sabaragamuwa Province,Sub Post Office
70097,Gawaranhena,RN,Ratnapura,Sabaragamuwa Province,Sub Post Office
90082,Gawarawela,BD,Badulla,Uva Province,Sub Post Office
20620,Gelioya,KY,Kandy,Central Province,Main Post Office
50224,Gemunupura,AD,Anuradhapura,North Central Province,Sub Post Office
70620,Getahetta,RN,Ratnapura,Sabaragamuwa Province,Main Post Office
50392,Getalawa,AD,Anuradhapura,North Central Province,Sub Post Office
82420,Getamanna,HB,Hambantota,Southern Province,Main Post Office
70002,Gillimale,RN,Ratnapura,Sabaragamuwa Province,Sub Post Office
22680,Ginigathhena,NW,Nuwara Eliya,Central Province,Main Post Office
80220,Ginimellagaha,GL,Galle,Southern Province,Main Post Office
80280,Gintota,GL,Galle,Southern Province,Main Post Office
90750,Girandurukotte,BD,Badulla,Uva Province,Main Post Office
60752,Girathalana,KG,Kurunegala,North Western Province,Sub Post Office
51026,Giritale,PR,Polonnaruwa,North Central Province,Sub Post Office
60140,Giriulla,KG,Kurunegala,North Western Province,Main Post Office
50036,Gnanikulam,AD,Anuradhapura,North Central Province,Sub Post Office
82104,Goda Koggalla,HB,Hambantota,Southern Province,Sub Post Office
70556,Godagampola,RN,Ratnapura,Sabaragamuwa Province,Sub Post Office
80302,Godahena,GL,Galle,Southern Province,Sub Post Office
70160,Godakawela,RN,Ratnapura,Sabaragamuwa Province,Main Post Office
20214,Godamunna,KY,Kandy,Central Province,Sub Post Office
81408,Godapitiya,MH,Matara,Southern Province,Sub Post Office
90067,Godunna,BD,Badulla,Uva Province,Sub Post Office
60522,Gokarella,KG,Kurunegala,North Western Province,Sub Post Office
20184,Gomagoda,KY,Kandy,Central Province,Sub Post Office
31026,Gomarankadawala,TC,Trincomalee,Eastern Province,Sub Post Office
81073,Gombaddala,MH,Matara,Southern Province,Sub Post Office
81072,Gomila Mawarala,MH,Matara,Southern Province,Sub Post Office
71318,Gonagala,KE,Kegalle,Sabaragamuwa Province,Sub Post Office
80502,Gonagalapura,GL,Galle,Southern Province,Sub Post Office
60005,Gonagama,KG,Kurunegala,North Western Province,Sub Post Office
82602,Gonagamuwa Uduwila,HB,Hambantota,Southern Province,Sub Post Office
91107,Gonaganara,MJ,Monaragala,Uva Province,Sub Post Office
20712,Gonagantenna,KY,Kandy,Central Province,Sub Post Office
32064,Gonagolla,APR,Ampara,Eastern Province,Sub Post Office
50554,Gonahaddenawa,AD,Anuradhapura,North Central Province,Sub Post Office
22226,Gonakele,NW,Nuwara Eliya,Central Province,Sub Post Office
80054,Gonamulla Junction,GL,Galle,Southern Province,Sub Post Office
80230,Gonapinuwala,GL,Galle,Southern Province,Main Post Office
12410,Gonapola Junction,KT,Kalutara,Western Province,Main Post Office
11630,Gonawala,GQ,Gampaha,Western Province,Main Post Office
20656,Gonawalapatana,KY,Kandy,Central Province,Sub Post Office
60170,Gonawila,KG,Kurunegala,North Western Province,Main Post Office
11315,Gongitota,GQ,Gampaha,Western Province,Sub Post Office
82006,Gonnoruwa,HB,Hambantota,Southern Province,Sub Post Office
12310,Govinna,KT,Kalutara,Western Province,Main Post Office
20270,Gunnepana,KY,Kandy,Central Province,Main Post Office
70136,Gurubewilagama,RN,Ratnapura,Sabaragamuwa Province,Sub Post Office
20189,Gurudeniya,KY,Kandy,Central Province,Sub Post Office
12236,Gurulubedda,KT,Kalutara,Western Province,Sub Post Office
90208,Gurutalawa,BD,Badulla,Uva Province,Main Post Office
80630,Habaraduwa,GL,Galle,Southern Province,Main Post Office
10204,Habarakada,CO,Colombo,Western Province,Sub Post Office
50150,Habarana,AD,Anuradhapura,North Central Province,Main Post Office
80506,Haburugala,GL,Galle,Southern Province,Sub Post Office
22208,Haggala,NW,Nuwara Eliya,Central Province,Sub Post Office
71715,Hakabellawaka,KE,Kegalle,Sabaragamuwa Province,Sub Post Office
71352,Hakahinna,KE,Kegalle,Sabaragamuwa Province,Sub Post Office
81300,Hakmana,MH,Matara,Southern Province,Main Post Office
82248,Hakuruwela,HB,Hambantota,Southern Province,Sub Post Office
61135,Haldanduwana,PX,Puttalam,North Western Province,Sub Post Office
90180,Haldummulla,BD,Badulla,Uva Province,Main Post Office
22240,Halgranoya,NW,Nuwara Eliya,Central Province,Main Post Office
90060,Hali Ela,BD,Badulla,Uva Province,Main Post Office
12055,Halkandawila,KT,Kalutara,Western Province,Main Post Office
50552,Halmillawetiya,AD,Anuradhapura,North Central Province,Sub Post Office
60441,Halmillawewa,KG,Kurunegala,North Western Province,Sub Post Office
50124,Halmillewa Dambulla,AD,Anuradhapura,North Central Province,Sub Post Office
20032,Haloluwa,KY,Kandy,Central Province,Sub Post Office
20515,Haloya,KY,Kandy,Central Province,Sub Post Office
70145,Halpe,RN,Ratnapura,Sabaragamuwa Province,Sub Post Office
12538,Haltota,KT,Kalutara,Western Province,Sub Post Office
80146,Halvitigala Colony,GL,Galle,Southern Province,Sub Post Office
12118,Halwala,KT,Kalutara,Western Province,Sub Post Office
12306,Halwatura,KT,Kalutara,Western Province,Sub Post Office
70171,Halwinna,RN,Ratnapura,Sabaragamuwa Province,Sub Post Office
82000,Hambantota,HB,Hambantota,Southern Province,Main Post Office
91308,Hambegamuwa,MJ,Monaragala,Uva Province,Sub Post Office
20984,Handaganawa,KY,Kandy,Central Province,Sub Post Office
70106,Handagiriya,RN,Ratnapura,Sabaragamuwa Province,Sub Post Office
10524,Handapangoda,CO,Colombo,Western Province,Sub Post Office
20438,Handawalapitiya,KY,Kandy,Central Province,Sub Post Office
20480,Handessa,KY,Kandy,Central Province,Main Post Office
81326,Handugala,MH,Matara,Southern Province,Sub Post Office
21536,Handungamuwa,MT,Matale,Central Province,Sub Post Office
22044,Hangarapitiya,NW,Nuwara Eliya,Central Province,Sub Post Office
90224,Hangunnawa,BD,Badulla,Uva Province,Sub Post Office
20710,Hanguranketha,KY,Kandy,Central Province,Main Post Office
51098,Hansayapalama,PR,Polonnaruwa,North Central Province,Sub Post Office
10650,Hanwella,CO,Colombo,Western Province,Main Post Office
22668,Hapugastalawa,NW,Nuwara Eliya,Central Province,Sub Post Office
70164,Hapugastenna,RN,Ratnapura,Sabaragamuwa Province,Sub Post Office
90160,Haputale,BD,Badulla,Uva Province,Main Post Office
22669,Harangalagama,NW,Nuwara Eliya,Central Province,Sub Post Office
20092,Harankahawa,KY,Kandy,Central Province,Sub Post Office
22262,Harasbedda,NW,Nuwara Eliya,Central Province,Sub Post Office
20960,Hasalaka,KY,Kandy,Central Province,Main Post Office
70105,Hatangala,RN,Ratnapura,Sabaragamuwa Province,Sub Post Office
70108,Hatarabage,RN,Ratnapura,Sabaragamuwa Province,Sub Post Office
20060,Hataraliyadda,KY,Kandy,Central Province,Main Post Office
82013,Hathporuwa,HB,Hambantota,Southern Province,Sub Post Office
22000,Hatton,NW,Nuwara Eliya,Central Province,Main Post Office
21514,Hattota Amuna,MT,Matale,Central Province,Sub Post Office
00500,Havelock Town,CO,Colombo,Western Province,Main Post Office
80132,Hawpe,GL,Galle,Southern Province,Sub Post Office
90724,Hebarawa,BD,Badulla,Uva Province,Sub Post Office
22683,Hebbekanda,NW,Nuwara Eliya,Central Province,Sub Post Office
12234,Hedigalla Colony,KT,Kalutara,Western Province,Sub Post Office
22024,Hedunuwewa,NW,Nuwara Eliya,Central Province,Sub Post Office
90112,Heeloya,BD,Badulla,Uva Province,Sub Post Office
11618,Heiyanthuduwa,GQ,Gampaha,Western Province,Main Post Office
90122,Helahalpe,BD,Badulla,Uva Province,Sub Post Office
71046,Helamada,KE,Kegalle,Sabaragamuwa Province,Sub Post Office
90094,Helapupula,BD,Badulla,Uva Province,Sub Post Office
71530,Hemmatagama,KE,Kegalle,Sabaragamuwa Province,Main Post Office
11307,Hendala,GQ,Gampaha,Western Province,Sub Post Office
11715,Henegama,GQ,Gampaha,Western Province,Main Post Office
60414,Hengamuwa,KG,Kurunegala,North Western Province,Sub Post Office
70058,Hettikanda,RN,Ratnapura,Sabaragamuwa Province,Sub Post Office
71210,Hettimulla,KE,Kegalle,Sabaragamuwa Province,Main Post Office
60430,Hettipola,KG,Kurunegala,North Western Province,Main Post Office
71108,Hewadiwela,KE,Kegalle,Sabaragamuwa Province,Sub Post Office
20440,Hewaheta,KY,Kandy,Central Province,Sub Post Office
10714,Hewainna,CO,Colombo,Western Province,Sub Post Office
90358,Hewanakumbura,BD,Badulla,Uva Province,Sub Post Office
90607,Hewanwatta,BD,Badulla,Uva Province,Sub Post Office
70012,Hidellana,RN,Ratnapura,Sabaragamuwa Province,Sub Post Office
50044,Hidogama,AD,Anuradhapura,North Central Province,Sub Post Office
80240,Hikkaduwa,GL,Galle,Southern Province,Main Post Office
60486,Hilogama,KG,Kurunegala,North Western Province,Sub Post Office
11568,Hinatiyana Madawala,GQ,Gampaha,Western Province,Sub Post Office
20414,Hindagala,KY,Kandy,Central Province,Sub Post Office
60034,Hindagolla,KG,Kurunegala,North Western Province,Sub Post Office
71520,Hingula,KE,Kegalle,Sabaragamuwa Province,Main Post Office
51408,Hingurakdamana,PR,Polonnaruwa,North Central Province,Sub Post Office
51400,Hingurakgoda,PR,Polonnaruwa,North Central Province,Main Post Office
71417,Hinguralakanda,KE,Kegalle,Sabaragamuwa Province,Sub Post Office
32010,Hingurana,APR,Ampara,Eastern Province,Main Post Office
90508,Hingurukaduwa,BD,Badulla,Uva Province,Sub Post Office
80080,Hiniduma,GL,Galle,Southern Province,Main Post Office
70296,Hiramadagama,RN,Ratnapura,Sabaragamuwa Province,Sub Post Office
10232,Hiripitiya,CO,Colombo,Western Province,Sub Post Office
71014,Hiriwadunna,KE,Kegalle,Sabaragamuwa Province,Sub Post Office
60591,Hiriyala Ambagaswewa,KG,Kurunegala,North Western Province,Sub Post Office
60546,Hiriyala Lenawa,KG,Kurunegala,North Western Province,Sub Post Office
60458,Hiruwalpola,KG,Kurunegala,North Western Province,Sub Post Office
11734,Hiswella,GQ,Gampaha,Western Province,Sub Post Office
22046,Hitigegama,NW,Nuwara Eliya,Central Province,Sub Post Office
80056,Hiyare,GL,Galle,Southern Province,Sub Post Office
10118,Hokandara,CO,Colombo,Western Province,Sub Post Office
10200,Homagama,CO,Colombo,Western Province,Main Post Office
20524,Hondiyadeniya,KY,Kandy,Central Province,Sub Post Office
90524,Hopton,BD,Badulla,Uva Province,Sub Post Office
90163,Horadorowwa,BD,Badulla,Uva Province,Sub Post Office
10502,Horagala,CO,Colombo,Western Province,Sub Post Office
11564,Horampella,GQ,Gampaha,Western Province,Main Post Office
12400,Horana,KT,Kalutara,Western Province,Main Post Office
81108,Horapawita,MH,Matara,Southern Province,Sub Post Office
50350,Horawpatana,AD,Anuradhapura,North Central Province,Main Post Office
82456,Horewelagoda,HB,Hambantota,Southern Province,Sub Post Office
50222,Horiwila,AD,Anuradhapura,North Central Province,Sub Post Office
60181,Horombawa,KG,Kurunegala,North Western Province,Sub Post Office
91004,Hulandawa,MJ,Monaragala,Uva Province,Sub Post Office
32514,Hulannuge,AR,Ampara,Eastern Province,Sub Post Office
60474,Hulogedara,KG,Kurunegala,North Western Province,Sub Post Office
60477,Hulugalla,KG,Kurunegala,North Western Province,Sub Post Office
82120,Hungama,HB,Hambantota,Southern Province,Main Post Office
20948,Hunnasgiriya,KY,Kandy,Central Province,Sub Post Office
11262,Hunumulla,GQ,Gampaha,Western Province,Sub Post Office
11311,Hunupitiya,GQ,Gampaha,Western Province,Sub Post Office
60582,Hunupola,KG,Kurunegala,North Western Province,Sub Post Office
50176,Hurigaswewa,AD,Anuradhapura,North Central Province,Sub Post Office
50394,Hurulunikawewa,AD,Anuradhapura,North Central Province,Sub Post Office
60500,Ibbagamuwa,KG,Kurunegala,North Western Province,Main Post Office
31236,Ichchilampattai,TC,Trincomalee,Eastern Province,Sub Post Office
90167,Idalgashinna,BD,Badulla,Uva Province,Sub Post Office
82412,Ihala Beligalla,HB,Hambantota,Southern Province,Sub Post Office
60211,Ihala Gomugomuwa,KG,Kurunegala,North Western Province,Sub Post Office
70039,Ihala hakamuwa,RN,Ratnapura,Sabaragamuwa Province,Sub Post Office
50262,Ihala Halmillewa,AD,Anuradhapura,North Central Province,Sub Post Office
80432,Ihala Hewessa,GL,Galle,Southern Province,Sub Post Office
60238,Ihala Kadigamuwa,KG,Kurunegala,North Western Province,Sub Post Office
60135,Ihala Katugampala,KG,Kurunegala,North Western Province,Sub Post Office
20042,Ihala Kobbekaduwa,KY,Kandy,Central Province,Sub Post Office
61154,Ihala Kottaramulla,PX,Puttalam,North Western Province,Sub Post Office
11265,Ihala Madampella,GQ,Gampaha,Western Province,Sub Post Office
61316,Ihala Puliyankulama,PX,Puttalam,North Western Province,Sub Post Office
11034,Ihala Uggalboda,GQ,Gampaha,Western Province,Sub Post Office
80134,Ihala Walpola,GL,Galle,Southern Province,Sub Post Office
70144,Ihalagalagama,RN,Ratnapura,Sabaragamuwa Province,Sub Post Office
50304,Ihalagama,AD,Anuradhapura,North Central Province,Sub Post Office
40108,Ilavalai,JA,Jaffna,Northern Province,Sub Post Office
61018,Ilippadeniya,PX,Puttalam,North Western Province,Sub Post Office
20724,Illagolla,KY,Kandy,Central Province,Sub Post Office
21406,Illukkumbura,MT,Matale,Central Province,Sub Post Office
60232,Ilukhena,KG,Kurunegala,North Western Province,Sub Post Office
41175,Iluppaikadavai,MB,Mannar,Northern Province,Sub Post Office
80130,Imaduwa,GL,Galle,Southern Province,Main Post Office
71313,Imbulana,KE,Kegalle,Sabaragamuwa Province,Sub Post Office
71055,Imbulgasdeniya,KE,Kegalle,Sabaragamuwa Province,Sub Post Office
11856,Imbulgoda,GQ,Gampaha,Western Province,Sub Post Office
21064,Imbulgolla,MT,Matale,Central Province,Sub Post Office
70134,Imbulpe,RN,Ratnapura,Sabaragamuwa Province,Sub Post Office
21124,Inamaluwa,MT,Matale,Central Province,Sub Post Office
60016,Indulgodakanda,KG,Kurunegala,North Western Province,Sub Post Office
80510,Induruwa,GL,Galle,Southern Province,Main Post Office
61514,Inginimitiya,PX,Puttalam,North Western Province,Sub Post Office
32040,Inginiyagala,APR,Ampara,Eastern Province,Main Post Office
12440,Ingiriya,KT,Kalutara,Western Province,Main Post Office
60064,Inguruwatta,KG,Kurunegala,North Western Province,Sub Post Office
40095,Inuvil,JA,Jaffna,Northern Province,Sub Post Office
50280,Ipologama,AD,Anuradhapura,North Central Province,Main Post Office
32450,Irakkamam,APR,Ampara,Eastern Province,Main Post Office
43095,Iranaiiluppaikulam,VA,Vavuniya,Northern Province,Sub Post Office
42630,Iranaitivu,KO,Kilinochchi,Northern Province,Sub Post Office
60045,Iriyagolla,KG,Kurunegala,North Western Province,Sub Post Office
61302,Ismailpuram,PX,Puttalam,North Western Province,Sub Post Office
60025,Ithanawatta,KG,Kurunegala,North Western Province,Sub Post Office
82462,Ittademaliya,HB,Hambantota,Southern Province,Sub Post Office
70342,Ittekanda,RN,Ratnapura,Sabaragamuwa Province,Sub Post Office
12116,Ittepana,KT,Kalutara,Western Province,Main Post Office
42556,Iyakachchi,KO,Kilinochchi,Northern Province,Sub Post Office
11350,Ja-Ela,GQ,Gampaha,Western Province,Main Post Office
40000,Jaffna,JA,Jaffna,Northern Province,Main Post Office
20822,Jambugahapitiya,KY,Kandy,Central Province,Sub Post Office
90063,Jangulla,BD,Badulla,Uva Province,Sub Post Office
51024,Jayanthipura,PR,Polonnaruwa,North Central Province,Main Post Office
51246,Jayasiripura,PR,Polonnaruwa,North Central Province,Sub Post Office
82252,Julampitiya,HB,Hambantota,Southern Province,Sub Post Office
71202,Kabagamuwa,KE,Kegalle,Sabaragamuwa Province,Sub Post Office
11850,Kadawatha,GQ,Gampaha,Western Province,Main Post Office
31212,Kaddaiparichchan,TC,Trincomalee,Eastern Province,Sub Post Office
60492,Kadigawa,KG,Kurunegala,North Western Province,Sub Post Office
20300,Kadugannawa,KY,Kandy,Central Province,Main Post Office
10640,Kaduwela,CO,Colombo,Western Province,Main Post Office
50282,Kagama,AD,Anuradhapura,North Central Province,Sub Post Office
80460,Kahaduwa,GL,Galle,Southern Province,Main Post Office
82126,Kahandamodara,HB,Hambantota,Southern Province,Sub Post Office
70016,Kahangama,RN,Ratnapura,Sabaragamuwa Province,Sub Post Office
60062,Kahapathwala,KG,Kurunegala,North Western Province,Sub Post Office
50320,Kahatagasdigiliya,AD,Anuradhapura,North Central Province,Main Post Office
50562,Kahatagollewa,AD,Anuradhapura,North Central Province,Sub Post Office
20924,Kahataliyadda,KY,Kandy,Central Province,Sub Post Office
90052,Kahataruppa,BD,Badulla,Uva Province,Sub Post Office
11144,Kahatowita,GQ,Gampaha,Western Province,Sub Post Office
80312,Kahawa,GL,Galle,Southern Province,Sub Post Office
10508,Kahawala,CO,Colombo,Western Province,Sub Post Office
70150,Kahawatta,RN,Ratnapura,Sabaragamuwa Province,Main Post Office
21066,Kaikawala,MT,Matale,Central Province,Main Post Office
40400,Kaitadi,JA,Jaffna,Northern Province,Main Post Office
61236,Kakkapalliya,PX,Puttalam,North Western Province,Sub Post Office
61534,Kaladiya,PX,Puttalam,North Western Province,Sub Post Office
22282,Kalaganwatta,NW,Nuwara Eliya,Central Province,Sub Post Office
11875,Kalagedihena,GQ,Gampaha,Western Province,Sub Post Office
50288,Kalakarambewa,AD,Anuradhapura,North Central Province,Sub Post Office
50174,Kalankuttiya,AD,Anuradhapura,North Central Province,Sub Post Office
50226,Kalaoya,AD,Anuradhapura,North Central Province,Sub Post Office
10718,Kalatuwawa,CO,Colombo,Western Province,Sub Post Office
70450,Kalawana,RN,Ratnapura,Sabaragamuwa Province,Main Post Office
50556,Kalawedi Ulpotha,AD,Anuradhapura,North Central Province,Sub Post Office
22688,Kalaweldeniya,NW,Nuwara Eliya,Central Province,Sub Post Office
12078,Kalawila Kiranthidiya,KT,Kalutara,Western Province,Sub Post Office
11160,Kaleliya,GQ,Gampaha,Western Province,Main Post Office
51002,Kalingaela,PR,Polonnaruwa,North Central Province,Sub Post Office
30410,Kalkudah,BC,Batticaloa,Eastern Province,Main Post Office
50454,Kallanchiya,AD,Anuradhapura,North Central Province,Sub Post Office
30250,Kallar,BC,Batticaloa,Eastern Province,Main Post Office
32300,Kalmunai,AR,Ampara,Eastern Province,Main Post Office
61360,Kalpitiya,PX,Puttalam,North Western Province,Main Post Office
70122,Kaltota,RN,Ratnapura,Sabaragamuwa Province,Sub Post Office
11224,Kaluaggala,GQ,Gampaha,Western Province,Sub Post Office
81478,Kalubowitiyana,MH,Matara,Southern Province,Sub Post Office
90352,Kalubululanda,BD,Badulla,Uva Province,Sub Post Office
90546,Kalugahakandura,BD,Badulla,Uva Province,Sub Post Office
20926,Kalugala,KY,Kandy,Central Province,Sub Post Office
60096,Kalugamuwa,KG,Kurunegala,North Western Province,Sub Post Office
51037,Kalukele Bandanagala,PR,Polonnaruwa,North Central Province,Sub Post Office
21112,Kalundewa,MT,Matale,Central Province,Sub Post Office
90186,Kalupahana,BD,Badulla,Uva Province,Sub Post Office
12000,Kalutara,KT,Kalutara,Western Province,Main Post Office
30197,Kaluthavalai,BC,Batticaloa,Eastern Province,Main Post Office
30200,Kaluwanchikudi,BC,Batticaloa,Eastern Province,Main Post Office
30372,Kaluwankerny,BC,Batticaloa,Eastern Province,Sub Post Office
81750,Kamburugamuwa,MH,Matara,Southern Province,Main Post Office
81100,Kamburupitiya,MH,Matara,Southern Province,Main Post Office
60054,Kanadeniyawala,KG,Kurunegala,North Western Province,Sub Post Office
43072,Kanagarayankulam,VA,Vavuniya,Northern Province,Sub Post Office
61273,Kanamule,PX,Puttalam,North Western Province,Sub Post Office
80136,Kananke Bazaar,GL,Galle,Southern Province,Sub Post Office
12418,Kananwila,KT,Kalutara,Western Province,Sub Post Office
60422,Kanattewewa,KG,Kurunegala,North Western Province,Sub Post Office
90020,Kandaketiya,BD,Badulla,Uva Province,Main Post Office
61358,Kandakuliya,PX,Puttalam,North Western Province,Sub Post Office
21106,Kandalama,MT,Matale,Central Province,Sub Post Office
11320,Kandana,GQ,Gampaha,Western Province,Main Post Office
12428,Kandanagama,KT,Kalutara,Western Province,Sub Post Office
22220,Kandapola,NW,Nuwara Eliya,Central Province,Main Post Office
91403,Kandasurindugama,MJ,Monaragala,Uva Province,Sub Post Office
91032,Kandaudapanguwa,MJ,Monaragala,Uva Province,Sub Post Office
42508,Kandavalai,KO,Kilinochchi,Northern Province,Sub Post Office
90070,Kandegedara,BD,Badulla,Uva Province,Main Post Office
90356,Kandepuhulpola,BD,Badulla,Uva Province,Sub Post Office
20000,Kandy,KY,Kandy,Central Province,Main Post Office
40190,Kankasanthurai,JA,Jaffna,Northern Province,Main Post Office
32405,Kannagipuram,AR,Ampara,Eastern Province,Sub Post Office
30016,Kannankudah,BC,Batticaloa,Eastern Province,Sub Post Office
71372,Kannattota,KE,Kegalle,Sabaragamuwa Province,Sub Post Office
31032,Kanniya,TC,Trincomalee,Eastern Province,Sub Post Office
31300,Kantale,TC,Trincomalee,Eastern Province,Main Post Office
31306,Kantale Sugar Factory,TC,Trincomalee,Eastern Province,Sub Post Office
31055,Kapalthurai,TC,Trincomalee,Eastern Province,Sub Post Office
10662,Kapugoda,GQ,Gampaha,Western Province,Sub Post Office
50370,Kapugollewa,AD,Anuradhapura,North Central Province,Main Post Office
20206,Kapuliyadda,KY,Kandy,Central Province,Sub Post Office
30354,Karadiyanaru,BC,Batticaloa,Eastern Province,Sub Post Office
60106,Karagahagedara,KG,Kurunegala,North Western Province,Sub Post Office
21014,Karagahahinna,MT,Matale,Central Province,Sub Post Office
50232,Karagahawewa,AD,Anuradhapura,North Central Province,Sub Post Office
80151,Karagoda,GL,Galle,Southern Province,Sub Post Office
81082,Karagoda Uyangoda,MH,Matara,Southern Province,Sub Post Office
40250,Karainagar,JA,Jaffna,Northern Province,Main Post Office
60602,Karambe,KG,Kurunegala,North Western Province,Sub Post Office
91077,Karandagama,MJ,Monaragala,Uva Province,Sub Post Office
20738,Karandagolla,KY,Kandy,Central Province,Sub Post Office
70488,Karandana,RN,Ratnapura,Sabaragamuwa Province,Sub Post Office
80360,Karandeniya,GL,Galle,Southern Province,Main Post Office
70018,Karangoda,RN,Ratnapura,Sabaragamuwa Province,Sub Post Office
81106,Karaputugala,MH,Matara,Southern Province,Sub Post Office
32250,Karativu,AR,Ampara,Eastern Province,Main Post Office
81308,Karatota,MH,Matara,Southern Province,Sub Post Office
40520,Karaveddi,JA,Jaffna,Northern Province,Main Post Office
91079,Karawila Pallegama,MJ,Monaragala,Uva Province,Sub Post Office
61022,Karawitagara,PX,Puttalam,North Western Province,Sub Post Office
42303,Karipaddamurippu,MP,Mullaitivu,Northern Province,Sub Post Office
82274,Kariyamaditta,HB,Hambantota,Southern Province,Sub Post Office
61314,Karuwalagaswewa,PX,Puttalam,North Western Province,Main Post Office
51032,Kashyapapura,PR,Polonnaruwa,North Central Province,Sub Post Office
11534,Katana,GQ,Gampaha,Western Province,Main Post Office
91400,Kataragama,MJ,Monaragala,Uva Province,Main Post Office
30456,Kathiraveli,BC,Batticaloa,Eastern Province,Sub Post Office
50261,Katiyawa,AD,Anuradhapura,North Central Province,Sub Post Office
30100,Kattankudi,BC,Batticaloa,Eastern Province,Main Post Office
21016,Katudeniya,MT,Matale,Central Province,Sub Post Office
20800,Katugastota,KY,Kandy,Central Province,Main Post Office
22588,Katukitula,NW,Nuwara Eliya,Central Province,Sub Post Office
11450,Katunayake,GQ,Gampaha,Western Province,Main Post Office
11420,Katunayake IPZ,GQ,Gampaha,Western Province,Main Post Office
11440,Katunayake Air Force Camp,GQ,Gampaha,Western Province,Main Post Office
61180,Katuneriya,PX,Puttalam,North Western Province,Main Post Office
60350,Katupota,KG,Kurunegala,North Western Province,Main Post Office
82500,Katuwana,HB,Hambantota,Southern Province,Main Post Office
11526,Katuwellegama,GQ,Gampaha,Western Province,Sub Post Office
42608,Kautharimunai,KO,Kilinochchi,Northern Province,Sub Post Office
21072,Kavudupelella,MT,Matale,Central Province,Sub Post Office
82622,Kawantissapura,HB,Hambantota,Southern Province,Sub Post Office
51414,Kawudulla,PR,Polonnaruwa,North Central Province,Sub Post Office
51514,Kawuduluwewa Stage II,PR,Polonnaruwa,North Central Province,Sub Post Office
40270,Kayts,JA,Jaffna,Northern Province,Main Post Office
90102,Kebillawela,BD,Badulla,Uva Province,Sub Post Office
50550,Kebithigollewa,AD,Anuradhapura,North Central Province,Main Post Office
22274,Keerthi Bandarapura,NW,Nuwara Eliya,Central Province,Sub Post Office
71000,Kegalle,KE,Kegalle,Sabaragamuwa Province,Main Post Office
71533,Kehelpannala,KE,Kegalle,Sabaragamuwa Province,Sub Post Office
12550,Kehelwatta,KT,Kalutara,Western Province,Main Post Office
81020,Kekanadura,MH,Matara,Southern Province,Main Post Office
50100,Kekirawa,AD,Anuradhapura,North Central Province,Main Post Office
32074,Kekirihena,APR,Ampara,Eastern Province,Sub Post Office
51168,Kekuluwela,PR,Polonnaruwa,North Central Province,Sub Post Office
60183,Kekunagolla,KG,Kurunegala,North Western Province,Main Post Office
22684,Kelanigama,NW,Nuwara Eliya,Central Province,Sub Post Office
11600,Kelaniya,GQ,Gampaha,Western Province,Main Post Office
12218,Kelinkanda,KT,Kalutara,Western Province,Sub Post Office
70352,Kella Junction,RN,Ratnapura,Sabaragamuwa Province,Sub Post Office
90048,Kendagolla,BD,Badulla,Uva Province,Sub Post Office
91552,Kendawinna,MJ,Monaragala,Uva Province,Sub Post Office
50452,Kendewa,AD,Anuradhapura,North Central Province,Sub Post Office
90350,Keppetipola,BD,Badulla,Uva Province,Main Post Office
60288,Keppitiwalana,KG,Kurunegala,North Western Province,Sub Post Office
90738,Keselpotha,BD,Badulla,Uva Province,Sub Post Office
22660,Ketaboola,NW,Nuwara Eliya,Central Province,Main Post Office
20306,Ketakumbura,KY,Kandy,Central Province,Sub Post Office
20198,Ketawala Leula,KY,Kandy,Central Province,Sub Post Office
90016,Ketawatta,BD,Badulla,Uva Province,Sub Post Office
42400,Kilinochchi,KO,Kilinochchi,Northern Province,Main Post Office
31220,Kiliveddy,TC,Trincomalee,Eastern Province,Sub Post Office
21122,Kimbissa,MT,Matale,Central Province,Sub Post Office
11522,Kimbulapitiya,GQ,Gampaha,Western Province,Sub Post Office
60548,Kimbulwanaoya,KG,Kurunegala,North Western Province,Sub Post Office
31100,Kinniya,TC,Trincomalee,Eastern Province,Main Post Office
50259,Kiralogama,AD,Anuradhapura,North Central Province,Sub Post Office
82550,Kirama,HB,Hambantota,Southern Province,Main Post Office
30394,Kiran,BC,Batticaloa,Eastern Province,Main Post Office
30159,Kirankulam,BC,Batticaloa,Eastern Province,Sub Post Office
90184,Kirawanagama,BD,Badulla,Uva Province,Sub Post Office
11601,Kiribathgoda,GQ,Gampaha,Western Province,Main Post Office
20442,Kiribathkumbura,KY,Kandy,Central Province,Sub Post Office
70480,Kiriella,RN,Ratnapura,Sabaragamuwa Province,Main Post Office
50511,Kirigalwewa,AD,Anuradhapura,North Central Province,Sub Post Office
91252,Kiriibbanwewa,MJ,Monaragala,Uva Province,Sub Post Office
70102,Kirimatitenna,RN,Ratnapura,Sabaragamuwa Province,Sub Post Office
60157,Kirimetiyana,PX,Puttalam,North Western Province,Sub Post Office
60184,Kirimetiyawa,KG,Kurunegala,North Western Province,Sub Post Office
61362,Kirimundalama,PX,Puttalam,North Western Province,Sub Post Office
82614,Kirinda,HB,Hambantota,Southern Province,Sub Post Office
60212,Kirindawa,KG,Kurunegala,North Western Province,Sub Post Office
60502,Kirindigalla,KG,Kurunegala,North Western Province,Sub Post Office
11730,Kirindiwela,GQ,Gampaha,Western Province,Main Post Office
10208,Kiriwattuduwa,CO,Colombo,Western Province,Sub Post Office
81514,Kiriweldola,MH,Matara,Southern Province,Sub Post Office
81456,Kiriwelkele,MH,Matara,Southern Province,Sub Post Office
11206,Kitalawalana,GQ,Gampaha,Western Province,Sub Post Office
60188,Kithalawa,KG,Kurunegala,North Western Province,Sub Post Office
71720,Kitulgala,KE,Kegalle,Sabaragamuwa Province,Main Post Office
12222,Kitulgoda,KT,Kalutara,Western Province,Sub Post Office
50132,Kitulhitiyawa,AD,Anuradhapura,North Central Province,Sub Post Office
11242,Kitulwala,GQ,Gampaha,Western Province,Sub Post Office
21042,Kiwula,MT,Matale,Central Province,Sub Post Office
60410,Kobeigane,KG,Kurunegala,North Western Province,Main Post Office
20928,Kobonilla,KY,Kandy,Central Province,Sub Post Office
11540,Kochchikade,GQ,Gampaha,Western Province,Main Post Office
30249,Koddaikallar,BC,Batticaloa,Eastern Province,Main Post Office
40700,Kodikamam,JA,Jaffna,Northern Province,Main Post Office
60028,Kohilegedara,KG,Kurunegala,North Western Province,Sub Post Office
12007,Koholana,KT,Kalutara,Western Province,Sub Post Office
90006,Kohowilakandura,BD,Badulla,Uva Province,Sub Post Office
30160,Kokkaddichcholai,BC,Batticaloa,Eastern Province,Main Post Office
42020,Kokkilai,MP,Mullaitivu,Northern Province,Sub Post Office
42010,Kokkuthoduvai,MP,Mullaitivu,Northern Province,Sub Post Office
40060,Kokkuvil,JA,Jaffna,Northern Province,Main Post Office
32035,Koknahara,APR,Ampara,Eastern Province,Sub Post Office
20212,Kolabissa,KY,Kandy,Central Province,Sub Post Office
32102,Kolamanthalawa,APR,Ampara,Eastern Province,Sub Post Office
70180,Kolambageara,RN,Ratnapura,Sabaragamuwa Province,Main Post Office
81522,Kolawenigama,MH,Matara,Southern Province,Sub Post Office
70403,Kolombugama,RN,Ratnapura,Sabaragamuwa Province,Sub Post Office
20971,Kolongoda,KY,Kandy,Central Province,Sub Post Office
70350,Kolonna,RN,Ratnapura,Sabaragamuwa Province,Main Post Office
10600,Kolonnawa,CO,Colombo,Western Province,Main Post Office
32418,Komari,AR,Ampara,Eastern Province,Sub Post Office
42420,Konavil,KO,Kilinochchi,Northern Province,Sub Post Office
40062,Kondavil,JA,Jaffna,Northern Province,Sub Post Office
71501,Kondeniya,KE,Kegalle,Sabaragamuwa Province,Sub Post Office
21500,Kongahawela,MT,Matale,Central Province,Main Post Office
60630,Konwewa,KG,Kurunegala,North Western Province,Main Post Office
40170,Kopay,JA,Jaffna,Northern Province,Main Post Office
32417,Koralkalapu,AR,Ampara,Eastern Province,Sub Post Office
11044,Korase,GQ,Gampaha,Western Province,Main Post Office
60356,Kosdeniya,KG,Kurunegala,North Western Province,Sub Post Office
10730,Kosgama,CO,Colombo,Western Province,Main Post Office
80570,Kosgoda,GL,Galle,Southern Province,Main Post Office
60029,Kosgolla,KG,Kurunegala,North Western Province,Sub Post Office
90190,Koslanda,BD,Badulla,Uva Province,Main Post Office
61158,Koswatte,PX,Puttalam,North Western Province,Sub Post Office
91559,Kotabowa,MJ,Monaragala,Uva Province,Sub Post Office
11232,Kotadeniyawa,GQ,Gampaha,Western Province,Sub Post Office
22080,Kotagala,NW,Nuwara Eliya,Central Province,Main Post Office
91512,Kotagama,MJ,Monaragala,Uva Province,Sub Post Office
01300,Kotahena,CO,Colombo,Western Province,Main Post Office
90506,Kotamuduna,BD,Badulla,Uva Province,Sub Post Office
81480,Kotapola,MH,Matara,Southern Province,Main Post Office
60483,Kotawehera,KG,Kurunegala,North Western Province,Sub Post Office
91312,Kotawehera Mankada,MJ,Monaragala,Uva Province,Sub Post Office
71106,Kotawella,KE,Kegalle,Sabaragamuwa Province,Sub Post Office
91024,Kotiyagala,MJ,Monaragala,Uva Province,Sub Post Office
71370,Kotiyakumbura,KE,Kegalle,Sabaragamuwa Province,Main Post Office
22560,Kotmale,NW,Nuwara Eliya,Central Province,Main Post Office
61252,Kottantivu,PX,Puttalam,North Western Province,Sub Post Office
51244,Kottapitiya,PR,Polonnaruwa,North Central Province,Sub Post Office
10220,Kottawa,CO,Colombo,Western Province,Main Post Office
80062,Kottawagama,GL,Galle,Southern Province,Sub Post Office
81180,Kottegoda,MH,Matara,Southern Province,Main Post Office
22042,Kottellena,NW,Nuwara Eliya,Central Province,Sub Post Office
61532,Kottukachchiya,PX,Puttalam,North Western Province,Sub Post Office
11390,Kotugoda,GQ,Gampaha,Western Province,Main Post Office
31014,Kuchchaveli,TC,Trincomalee,Eastern Province,Main Post Office
12426,Kuda Uduwa,KT,Kalutara,Western Province,Sub Post Office
60003,Kudagalgamuwa,KG,Kurunegala,North Western Province,Sub Post Office
60754,Kudakathnoruwa,KG,Kurunegala,North Western Province,Sub Post Office
40620,Kudathanai,JA,Jaffna,Northern Province,Sub Post Office
70005,Kudawa,RN,Ratnapura,Sabaragamuwa Province,Sub Post Office
61226,Kudawewa,PX,Puttalam,North Western Province,Sub Post Office
91103,Kukurampola,MJ,Monaragala,Uva Province,Sub Post Office
80328,Kuleegoda,GL,Galle,Southern Province,Sub Post Office
60200,Kuliyapitiya,KG,Kurunegala,North Western Province,Main Post Office
20048,Kulugammana,KY,Kandy,Central Province,Sub Post Office
51412,Kumaragama,PR,Polonnaruwa,North Central Province,Sub Post Office
61032,Kumarakattuwa,PX,Puttalam,North Western Province,Sub Post Office
22272,Kumbalgamuwa,NW,Nuwara Eliya,Central Province,Sub Post Office
11105,Kumbaloluwa,GQ,Gampaha,Western Province,Sub Post Office
22121,Kumbaloluwegama,NW,Nuwara Eliya,Central Province,Sub Post Office
60508,Kumbukgeta,KG,Kurunegala,North Western Province,Sub Post Office
61318,Kumbukkalla,PX,Puttalam,North Western Province,Sub Post Office
91098,Kumbukkana,MJ,Monaragala,Uva Province,Sub Post Office
20902,Kumbukkandura,KY,Kandy,Central Province,Sub Post Office
22246,Kumbukwela,NW,Nuwara Eliya,Central Province,Sub Post Office
60506,Kumbukwewa,KG,Kurunegala,North Western Province,Sub Post Office
20086,Kumburegama,KY,Kandy,Central Province,Sub Post Office
31012,Kumburupiddy,TC,Trincomalee,Eastern Province,Sub Post Office
20168,Kundasale,KY,Kandy,Central Province,Main Post Office
60438,Kuratihena,KG,Kurunegala,North Western Province,Sub Post Office
31112,Kurinchakerny,TC,Trincomalee,Eastern Province,Main Post Office
61356,Kurinjanpitiya,PX,Puttalam,North Western Province,Sub Post Office
61516,Kuruketiyawa,PX,Puttalam,North Western Province,Sub Post Office
30192,Kurukkalmadam,BC,Batticaloa,Eastern Province,Sub Post Office
50062,Kurundankulama,AD,Anuradhapura,North Central Province,Sub Post Office
80395,Kurundugaha Hethekma,GL,Galle,Southern Province,Sub Post Office
20514,Kurunduwatta Bazaar,KY,Kandy,Central Province,Main Post Office
60000,Kurunegala,KG,Kurunegala,North Western Province,Main Post Office
22252,Kurupanawela,NW,Nuwara Eliya,Central Province,Sub Post Office
70500,Kuruwita,RN,Ratnapura,Sabaragamuwa Province,Main Post Office
90728,Kuruwitenna,BD,Badulla,Uva Province,Sub Post Office
90046,Kuttiyagolla,BD,Badulla,Uva Province,Sub Post Office
60162,Labbala,KG,Kurunegala,North Western Province,Sub Post Office
22592,Labukele,NW,Nuwara Eliya,Central Province,Sub Post Office
50088,Labunoruwa,AD,Anuradhapura,North Central Province,Sub Post Office
21520,Laggala Pallegama,MT,Matale,Central Province,Main Post Office
32512,Lahugala,AR,Ampara,Eastern Province,Sub Post Office
22034,Lakshapana,NW,Nuwara Eliya,Central Province,Sub Post Office
51006,Lakshauyana,PR,Polonnaruwa,North Central Province,Sub Post Office
90068,Landewela,BD,Badulla,Uva Province,Sub Post Office
81526,Lankagama,MH,Matara,Southern Province,Sub Post Office
31234,Lankapatuna,TC,Trincomalee,Eastern Province,Sub Post Office
20482,Leemagahakotuwa,KY,Kandy,Central Province,Sub Post Office
21008,Leliambe,MT,Matale,Central Province,Sub Post Office
70056,Lellopitiya,RN,Ratnapura,Sabaragamuwa Province,Sub Post Office
21094,Lenadora,MT,Matale,Central Province,Sub Post Office
71315,Lewangama,KE,Kegalle,Sabaragamuwa Province,Sub Post Office
61138,Lihiriyagama,PX,Puttalam,North Western Province,Sub Post Office
22090,Lindula,NW,Nuwara Eliya,Central Province,Main Post Office
90106,Liyanagahawela,BD,Badulla,Uva Province,Sub Post Office
60108,Lokahettiya,KG,Kurunegala,North Western Province,Sub Post Office
11204,Loluwagoda,GQ,Gampaha,Western Province,Sub Post Office
82108,Lunama,HB,Hambantota,Southern Province,Sub Post Office
90530,Lunugala,BD,Badulla,Uva Province,Main Post Office
11062,Lunugama,GQ,Gampaha,Western Province,Sub Post Office
82634,Lunugamwehera,HB,Hambantota,Southern Province,Sub Post Office
20172,Lunuketiya Maditta,KY,Kandy,Central Province,Sub Post Office
90310,Lunuwatte,BD,Badulla,Uva Province,Main Post Office
61150,Lunuwila,PX,Puttalam,North Western Province,Main Post Office
11114,Mabodale,GQ,Gampaha,Western Province,Sub Post Office
11305,Mabola,GQ,Gampaha,Western Province,Sub Post Office
60552,Madahapola,KG,Kurunegala,North Western Province,Sub Post Office
60209,Madakumburumulla,KG,Kurunegala,North Western Province,Sub Post Office
70158,Madalagama,RN,Ratnapura,Sabaragamuwa Province,Sub Post Office
61230,Madampe,PX,Puttalam,North Western Province,Main Post Office
10306,Madapatha,CO,Colombo,Western Province,Sub Post Office
50130,Madatugama,AD,Anuradhapura,North Central Province,Main Post Office
20260,Madawala Bazaar,KY,Kandy,Central Province,Main Post Office
21074,Madawala Ulpotha,MT,Matale,Central Province,Main Post Office
32016,Madawalalanda,APR,Ampara,Eastern Province,Sub Post Office
11033,Madelgamuwa,GQ,Gampaha,Western Province,Sub Post Office
21156,Madipola,MT,Matale,Central Province,Main Post Office
90535,Madolsima,BD,Badulla,Uva Province,Main Post Office
41010,Madu Church,MB,Mannar,Northern Province,Main Post Office
41020,Madu Road,MB,Mannar,Northern Province,Sub Post Office
20938,Madugalla,KY,Kandy,Central Province,Sub Post Office
90517,Madugastalawa,BD,Badulla,Uva Province,Sub Post Office
91071,Madukotanarawa,MJ,Monaragala,Uva Province,Sub Post Office
20840,Madulkele,KY,Kandy,Central Province,Main Post Office
22256,Madulla,NW,Nuwara Eliya,Central Province,Sub Post Office
60532,Maduragoda,KG,Kurunegala,North Western Province,Sub Post Office
61270,Madurankuliya,PX,Puttalam,North Western Province,Main Post Office
51108,Maduruoya,PR,Polonnaruwa,North Central Province,Sub Post Office
60512,Maeliya,KG,Kurunegala,North Western Province,Sub Post Office
82608,Magama,HB,Hambantota,Southern Province,Sub Post Office
80152,Magedara,GL,Galle,Southern Province,Sub Post Office
12060,Maggona,KT,Kalutara,Western Province,Main Post Office
60221,Magulagama,KG,Kurunegala,North Western Province,Sub Post Office
20237,Maha Alapalawala,KY,Kandy,Central Province,Sub Post Office
51518,Maha Ambagaswewa,PR,Polonnaruwa,North Central Province,Sub Post Office
50126,Maha Elagamuwa,AD,Anuradhapura,North Central Province,Sub Post Office
71722,Mahabage,KE,Kegalle,Sabaragamuwa Province,Sub Post Office
50196,Mahabulankulama,AD,Anuradhapura,North Central Province,Sub Post Office
31036,Mahadivulwewa,TC,Trincomalee,Eastern Province,Sub Post Office
20945,Mahadoraliyadda,KY,Kandy,Central Province,Sub Post Office
60731,Mahagalkadawala,KG,Kurunegala,North Western Province,Sub Post Office
82016,Mahagalwewa,HB,Hambantota,Southern Province,Sub Post Office
12210,Mahagama,KT,Kalutara,Western Province,Main Post Office
91256,Mahagama Colony,MJ,Monaragala,Uva Province,Sub Post Office
60479,Mahagirilla,KG,Kurunegala,North Western Province,Sub Post Office
50270,Mahailluppallama,AD,Anuradhapura,North Central Province,Main Post Office
43080,Mahakachchakodiya,VA,Vavuniya,Northern Province,Sub Post Office
91027,Mahakalugolla,MJ,Monaragala,Uva Province,Sub Post Office
12126,Mahakalupahana,KT,Kalutara,Western Province,Sub Post Office
50306,Mahakanadarawa,AD,Anuradhapura,North Central Province,Sub Post Office
60346,Mahakeliya,KG,Kurunegala,North Western Province,Sub Post Office
61272,Mahakumbukkadawala,PX,Puttalam,North Western Province,Sub Post Office
20216,Mahamedagama,KY,Kandy,Central Province,Sub Post Office
60516,Mahamukalanyaya,KG,Kurunegala,North Western Province,Sub Post Office
20547,Mahamulgama,KY,Kandy,Central Province,Sub Post Office
32018,Mahanagapura,APR,Ampara,Eastern Province,Sub Post Office
60724,Mahananneriya,KG,Kurunegala,North Western Province,Main Post Office
32070,Mahaoya,APR,Ampara,Eastern Province,Main Post Office
71063,Mahapallegama,KE,Kegalle,Sabaragamuwa Province,Sub Post Office
70334,Mahapannila,RN,Ratnapura,Sabaragamuwa Province,Sub Post Office
50327,Mahapothana,AD,Anuradhapura,North Central Province,Sub Post Office
11851,Mahara,GQ,Gampaha,Western Province,Sub Post Office
60286,Maharachchimulla,KG,Kurunegala,North Western Province,Sub Post Office
10280,Maharagama,CO,Colombo,Western Province,Main Post Office
71211,Maharangalla,KE,Kegalle,Sabaragamuwa Province,Sub Post Office
31106,Maharugiramam,TC,Trincomalee,Eastern Province,Sub Post Office
50574,Mahasenpura,AD,Anuradhapura,North Central Province,Sub Post Office
51506,Mahatalakolawewa,PR,Polonnaruwa,North Central Province,Sub Post Office
20551,Mahaudagama,KY,Kandy,Central Province,Sub Post Office
61512,Mahauswewa,PX,Puttalam,North Western Province,Sub Post Office
70112,Mahawalatenna,RN,Ratnapura,Sabaragamuwa Province,Sub Post Office
21140,Mahawela,MT,Matale,Central Province,Main Post Office
51076,Mahaweli Sinhapura,PR,Polonnaruwa,North Central Province,Sub Post Office
61220,Mahawewa,PX,Puttalam,North Western Province,Main Post Office
50022,Mahawilachchiya,AD,Anuradhapura,North Central Province,Sub Post Office
90700,Mahiyanganaya,BD,Badulla,Uva Province,Main Post Office
60600,Maho,KG,Kurunegala,North Western Province,Main Post Office
50384,Mailagaswewa,AD,Anuradhapura,North Central Province,Sub Post Office
20702,Mailapitiya,KY,Kandy,Central Province,Sub Post Office
80243,Majuwana Keradewala,GL,Galle,Southern Province,Sub Post Office
10305,Makandana,CO,Colombo,Western Province,Sub Post Office
81070,Makandura,MH,Matara,Southern Province,Main Post Office
70298,Makandura,RN,Ratnapura,Sabaragamuwa Province,Sub Post Office
71507,Makehelwala,KE,Kegalle,Sabaragamuwa Province,Sub Post Office
11358,Makewita,GQ,Gampaha,Western Province,Sub Post Office
20828,Makkanigama,KY,Kandy,Central Province,Sub Post Office
11640,Makola,GQ,Gampaha,Western Province,Main Post Office
20921,Makuldeniya,KY,Kandy,Central Province,Sub Post Office
90114,Makulella,BD,Badulla,Uva Province,Sub Post Office
60714,Makulewa,KG,Kurunegala,North Western Province,Sub Post Office
60514,Makulpotha,KG,Kurunegala,North Western Province,Sub Post Office
60578,Makulwewa,KG,Kurunegala,North Western Province,Sub Post Office
60404,Malagane,KG,Kurunegala,North Western Province,Sub Post Office
71704,Malalpola,KE,Kegalle,Sabaragamuwa Province,Sub Post Office
10115,Malambe,CO,Colombo,Western Province,Main Post Office
22021,Maldeniya,NW,Nuwara Eliya,Central Province,Sub Post Office
80144,Malgalla Talangalla,GL,Galle,Southern Province,Sub Post Office
90754,Malgoda,BD,Badulla,Uva Province,Sub Post Office
71411,Maliboda,KE,Kegalle,Sabaragamuwa Province,Sub Post Office
81424,Maliduwa,MH,Matara,Southern Province,Sub Post Office
90138,Malitta,BD,Badulla,Uva Province,Sub Post Office
90022,Maliyadda,BD,Badulla,Uva Province,Sub Post Office
40142,Mallakam,JA,Jaffna,Northern Province,Sub Post Office
31224,Mallikativu,TC,Trincomalee,Eastern Province,Sub Post Office
71325,Malmaduwa,KE,Kegalle,Sabaragamuwa Province,Sub Post Office
70001,Malwala Junction,RN,Ratnapura,Sabaragamuwa Province,Sub Post Office
11670,Malwana,GQ,Gampaha,Western Province,Main Post Office
50236,Malwanegama,AD,Anuradhapura,North Central Province,Sub Post Office
32198,Malwatta,AR,Ampara,Eastern Province,Sub Post Office
82109,Mamadala,HB,Hambantota,Southern Province,Sub Post Office
43078,Mamaduwa,VA,Vavuniya,Northern Province,Sub Post Office
61341,Mampuri,PX,Puttalam,North Western Province,Sub Post Office
51090,Manampitiya,PR,Polonnaruwa,North Central Province,Main Post Office
21144,Mananwatta,MT,Matale,Central Province,Sub Post Office
60434,Mandapola,KG,Kurunegala,North Western Province,Sub Post Office
22744,Mandaram Nuwara,NW,Nuwara Eliya,Central Province,Sub Post Office
40045,Mandativu,JA,Jaffna,Northern Province,Sub Post Office
11061,Mandawala,GQ,Gampaha,Western Province,Sub Post Office
30220,Mandur,BC,Batticaloa,Eastern Province,Main Post Office
50182,Maneruwa,AD,Anuradhapura,North Central Province,Sub Post Office
61266,Mangalaeliya,PX,Puttalam,North Western Province,Sub Post Office
32069,Mangalagama,APR,Ampara,Eastern Province,Sub Post Office
40200,Manipay,JA,Jaffna,Northern Province,Main Post Office
10707,Maniyangama,CO,Colombo,Western Province,Sub Post Office
30442,Mankerni,BC,Batticaloa,Eastern Province,Sub Post Office
42300,Mankulam,MP,Mullaitivu,Northern Province,Main Post Office
41000,Mannar,MB,Mannar,Northern Province,Main Post Office
21506,Maoya,MT,Matale,Central Province,Sub Post Office
90730,Mapakadawewa,BD,Badulla,Uva Province,Main Post Office
20662,Mapakanda,KY,Kandy,Central Province,Sub Post Office
80114,Mapalagama,GL,Galle,Southern Province,Sub Post Office
80116,Mapalagama Central,GL,Galle,Southern Province,Sub Post Office
50080,Maradankadawala,AD,Anuradhapura,North Central Province,Main Post Office
50308,Maradankalla,AD,Anuradhapura,North Central Province,Sub Post Office
43055,Maraiyadithakulam,VA,Vavuniya,Northern Province,Sub Post Office
21554,Maraka,MT,Matale,Central Province,Sub Post Office
81416,Maramba,MH,Matara,Southern Province,Sub Post Office
11260,Marandagahamula,GQ,Gampaha,Western Province,Main Post Office
70041,Marapana,RN,Ratnapura,Sabaragamuwa Province,Sub Post Office
20210,Marassana,KY,Kandy,Central Province,Main Post Office
32314,Marathamune,AR,Ampara,Eastern Province,Main Post Office
20113,Marathugoda,KY,Kandy,Central Province,Sub Post Office
91006,Marawa,MJ,Monaragala,Uva Province,Sub Post Office
61210,Marawila,PX,Puttalam,North Western Province,Main Post Office
91052,Mariarawa,MJ,Monaragala,Uva Province,Sub Post Office
41055,Marichchikaddi,MB,Mannar,Northern Province,Sub Post Office
20714,Marymount Colony,KY,Kandy,Central Province,Sub Post Office
22070,Maskeliya,NW,Nuwara Eliya,Central Province,Main Post Office
90328,Maspanna,BD,Badulla,Uva Province,Sub Post Office
60344,Maspotha,KG,Kurunegala,North Western Province,Sub Post Office
22566,Maswela,NW,Nuwara Eliya,Central Province,Sub Post Office
21000,Matale,MT,Matale,Central Province,Main Post Office
81000,Matara,MH,Matara,Southern Province,Main Post Office
40110,Mathagal,JA,Jaffna,Northern Province,Sub Post Office
80424,Mattaka,GL,Galle,Southern Province,Sub Post Office
10240,Mattegoda,CO,Colombo,Western Province,Main Post Office
12100,Matugama,KT,Kalutara,Western Province,Main Post Office
22748,Maturata,NW,Nuwara Eliya,Central Province,Sub Post Office
70482,Matuwagalagama,RN,Ratnapura,Sabaragamuwa Province,Sub Post Office
90582,Maussagolla,BD,Badulla,Uva Province,Sub Post Office
31238,Mawadichchenai,TC,Trincomalee,Eastern Province,Sub Post Office
32158,Mawanagama,APR,Ampara,Eastern Province,Sub Post Office
32163,Mawanawela,APR,Ampara,Eastern Province,Sub Post Office
71500,Mawanella,KE,Kegalle,Sabaragamuwa Province,Main Post Office
60060,Mawathagama,KG,Kurunegala,North Western Province,Main Post Office
20564,Mawatura,KY,Kandy,Central Province,Sub Post Office
80092,Meda Keembiya,GL,Galle,Southern Province,Sub Post Office
70021,Medagalatura,RN,Ratnapura,Sabaragamuwa Province,Sub Post Office
91550,Medagama,MJ,Monaragala,Uva Province,Main Post Office
20940,Medamahanuwara,KY,Kandy,Central Province,Main Post Office
82254,Medamulana,HB,Hambantota,Southern Province,Main Post Office
50500,Medawachchiya,AD,Anuradhapura,North Central Province,Main Post Office
61509,Medawakkulama,PX,Puttalam,North Western Province,Sub Post Office
20120,Medawala Harispattuwa,KY,Kandy,Central Province,Main Post Office
90218,Medawela Udukinda,BD,Badulla,Uva Province,Sub Post Office
90518,Medawelagama,BD,Badulla,Uva Province,Sub Post Office
70127,Meddekanda,RN,Ratnapura,Sabaragamuwa Province,Sub Post Office
81524,Mederipitiya,MH,Matara,Southern Province,Sub Post Office
51500,Medirigiriya,PR,Polonnaruwa,North Central Province,Main Post Office
60612,Mediyawa,KG,Kurunegala,North Western Province,Sub Post Office
90015,Meegahakivula,BD,Badulla,Uva Province,Sub Post Office
12130,Meegahatenna,KT,Kalutara,Western Province,Main Post Office
60750,Meegalewa,KG,Kurunegala,North Western Province,Main Post Office
12094,Meegama,KT,Kalutara,Western Province,Sub Post Office
51508,Meegaswewa,PR,Polonnaruwa,North Central Province,Sub Post Office
10504,Meegoda,CO,Colombo,Western Province,Main Post Office
50329,Meeminnawala,AD,Anuradhapura,North Central Province,Sub Post Office
40510,Meesalai,JA,Jaffna,Northern Province,Sub Post Office
60066,Meetanwala,KG,Kurunegala,North Western Province,Sub Post Office
20512,Meethalawa,KY,Kandy,Central Province,Sub Post Office
80330,Meetiyagoda,GL,Galle,Southern Province,Main Post Office
60484,Meewellawa,KG,Kurunegala,North Western Province,Sub Post Office
20409,Megoda Kalugamuwa,KY,Kandy,Central Province,Sub Post Office
50334,Megodawewa,AD,Anuradhapura,North Central Province,Sub Post Office
11234,Mellawagedara,GQ,Gampaha,Western Province,Sub Post Office
21055,Melpitiya,MT,Matale,Central Province,Sub Post Office
60540,Melsiripura,KG,Kurunegala,North Western Province,Main Post Office
20470,Menikdiwela,KY,Kandy,Central Province,Main Post Office
20170,Menikhinna,KY,Kandy,Central Province,Main Post Office
90540,Metigahatenna,BD,Badulla,Uva Province,Sub Post Office
21062,Metihakka,MT,Matale,Central Province,Sub Post Office
60304,Metikumbura,KG,Kurunegala,North Western Province,Sub Post Office
60121,Metiyagane,KG,Kurunegala,North Western Province,Sub Post Office
82270,Middeniya,HB,Hambantota,Southern Province,Main Post Office
81312,Miella,MH,Matara,Southern Province,Sub Post Office
82014,Migahajandura,HB,Hambantota,Southern Province,Sub Post Office
71716,Migastenna,KE,Kegalle,Sabaragamuwa Province,Sub Post Office
50300,Mihintale,AD,Anuradhapura,North Central Province,Main Post Office
12412,Millaniya,KT,Kalutara,Western Province,Sub Post Office
21154,Millawana,MT,Matale,Central Province,Sub Post Office
12422,Millewa,KT,Kalutara,Western Province,Sub Post Office
20923,Mimure,KY,Kandy,Central Province,Sub Post Office
60004,Minhettiya,KG,Kurunegala,North Western Province,Sub Post Office
20109,Minigamuwa,KY,Kandy,Central Province,Sub Post Office
20983,Minipe,KY,Kandy,Central Province,Sub Post Office
70494,Minipura Dumbara,RN,Ratnapura,Sabaragamuwa Province,Sub Post Office
51410,Minneriya,PR,Polonnaruwa,North Central Province,Main Post Office
60406,Minuwangete,KG,Kurunegala,North Western Province,Sub Post Office
11550,Minuwangoda,GQ,Gampaha,Western Province,Main Post Office
22254,Mipanawa,NW,Nuwara Eliya,Central Province,Sub Post Office
22214,Mipilimana,NW,Nuwara Eliya,Central Province,Sub Post Office
90134,Mirahawatta,BD,Badulla,Uva Province,Main Post Office
30426,Miravodai,BC,Batticaloa,Eastern Province,Sub Post Office
11200,Mirigama,GQ,Gampaha,Western Province,Main Post Office
60408,Mirihanegama,KG,Kurunegala,North Western Province,Sub Post Office
82001,Mirijjawila,HB,Hambantota,Southern Province,Sub Post Office
81740,Mirissa,MH,Matara,Southern Province,Main Post Office
60046,Mirissala,KG,Kurunegala,North Western Province,Sub Post Office
80508,Miriswatte,GL,Galle,Southern Province,Sub Post Office
90504,Miriyabedda,BD,Badulla,Uva Province,Sub Post Office
40750,Mirusuvil,JA,Jaffna,Northern Province,Sub Post Office
11742,Mithirigala,GQ,Gampaha,Western Province,Sub Post Office
70604,Mitipola,RN,Ratnapura,Sabaragamuwa Province,Sub Post Office
12424,Miwanapalana,KT,Kalutara,Western Province,Sub Post Office
90584,Miyanakandura,BD,Badulla,Uva Province,Sub Post Office
71432,Miyanawita,KE,Kegalle,Sabaragamuwa Province,Sub Post Office
82416,Modarawana,HB,Hambantota,Southern Province,Sub Post Office
71016,Molagoda,KE,Kegalle,Sabaragamuwa Province,Sub Post Office
12216,Molkawa,KT,Kalutara,Western Province,Sub Post Office
91000,Monaragala,MJ,Monaragala,Uva Province,Main Post Office
60495,Monnekulama,KG,Kurunegala,North Western Province,Sub Post Office
32012,Moragahapallama,APR,Ampara,Eastern Province,Sub Post Office
81532,Moragala Kirilipone,MH,Matara,Southern Province,Sub Post Office
60354,Moragane,KG,Kurunegala,North Western Province,Sub Post Office
60640,Moragollagama,KG,Kurunegala,North Western Province,Main Post Office
70129,Morahela,RN,Ratnapura,Sabaragamuwa Province,Sub Post Office
22036,Morahenagama,NW,Nuwara Eliya,Central Province,Sub Post Office
50349,Morakewa,AD,Anuradhapura,North Central Province,Sub Post Office
30392,Morakottanchenai,BC,Batticaloa,Eastern Province,Sub Post Office
12232,Morapitiya,KT,Kalutara,Western Province,Sub Post Office
60038,Morathiha,KG,Kurunegala,North Western Province,Sub Post Office
10400,Moratuwa,CO,Colombo,Western Province,Main Post Office
81470,Morawaka,MH,Matara,Southern Province,Main Post Office
91108,Moratuwegama,MJ,Monaragala,Uva Province,Sub Post Office
71220,Morontota,KE,Kegalle,Sabaragamuwa Province,Main Post Office
12564,Morontuduwa,KT,Kalutara,Western Province,Main Post Office
10370,Mount .Lavinia,CO,Colombo,Western Province,Main Post Office
61506,Mudalakkuliya,PX,Puttalam,North Western Province,Sub Post Office
11112,Muddaragama,GQ,Gampaha,Western Province,Sub Post Office
11056,Mudungoda,GQ,Gampaha,Western Province,Sub Post Office
61014,Mugunuwatawana,PX,Puttalam,North Western Province,Sub Post Office
50324,Mulkiriyawa,AD,Anuradhapura,North Central Province,Sub Post Office
61274,Mukkutoduwawa,PX,Puttalam,North Western Province,Sub Post Office
81071,Mulatiyana Junction,MH,Matara,Southern Province,Sub Post Office
70212,Mulendiyawala,RN,Ratnapura,Sabaragamuwa Province,Sub Post Office
70117,Mulgama,RN,Ratnapura,Sabaragamuwa Province,Sub Post Office
82242,Mulkirigala,HB,Hambantota,Southern Province,Sub Post Office
42000,Mullaitivu,MP,Mullaitivu,Northern Province,Main Post Office
10202,Mullegama,CO,Colombo,Western Province,Sub Post Office
10620,Mulleriyawa New Town,CO,Colombo,Western Province,Main Post Office
31312,Mullipothana,TC,Trincomalee,Eastern Province,Sub Post Office
42025,Mullivaikkal,MP,Mullaitivu,Northern Province,Sub Post Office
42570,Mulliyan,KO,Kilinochchi,Northern Province,Sub Post Office
42100,Mulliyawalai,MP,Mullaitivu,Northern Province,Main Post Office
60218,Munamaldeniya,KG,Kurunegala,North Western Province,Sub Post Office
61250,Mundel,PX,Puttalam,North Western Province,Main Post Office
22752,Munwatta,NW,Nuwara Eliya,Central Province,Sub Post Office
42505,Murasumoddai,KO,Kilinochchi,Northern Province,Sub Post Office
50344,Muriyakadawala,AD,Anuradhapura,North Central Province,Sub Post Office
41030,Murunkan,MB,Mannar,Northern Province,Main Post Office
20526,Muruthagahamula,KY,Kandy,Central Province,Sub Post Office
20232,Muruthalawa,KY,Kandy,Central Province,Main Post Office
60122,Muruthenge,KG,Kurunegala,North Western Province,Sub Post Office
42210,Muthayankaddakulam,MP,Mullaitivu,Northern Province,Sub Post Office
61195,Muttibendivila,PX,Puttalam,North Western Province,Sub Post Office
51064,Mutugala,PR,Polonnaruwa,North Central Province,Sub Post Office
31200,Mutur,TC,Trincomalee,Eastern Province,Main Post Office
21044,Muwandeniya,MT,Matale,Central Province,Sub Post Office
60482,Nabadewa,KG,Kurunegala,North Western Province,Sub Post Office
50046,Nachchaduwa,AD,Anuradhapura,North Central Province,Sub Post Office
42308,Naddankandal,MP,Mullaitivu,Northern Province,Sub Post Office
81092,Nadugala,MH,Matara,Southern Province,Sub Post Office
40630,Nagarkovil,JA,Jaffna,Northern Province,Sub Post Office
80110,Nagoda,GL,Galle,Southern Province,Main Post Office
60590,Nagollagama,KG,Kurunegala,North Western Province,Main Post Office
60226,Nagollagoda,KG,Kurunegala,North Western Province,Sub Post Office
61120,Nainamadama,PX,Puttalam,North Western Province,Main Post Office
40360,Nainativu,JA,Jaffna,Northern Province,Main Post Office
80064,Nakiyadeniya,GL,Galle,Southern Province,Sub Post Office
91003,Nakkala,MJ,Monaragala,Uva Province,Sub Post Office
60186,Nakkawatta,KG,Kurunegala,North Western Province,Sub Post Office
82300,Nakulugamuwa,HB,Hambantota,Southern Province,Main Post Office
21082,Nalanda,MT,Matale,Central Province,Sub Post Office
61244,Nalladarankattuwa,PX,Puttalam,North Western Province,Sub Post Office
32037,Namaloya,APR,Ampara,Eastern Province,Sub Post Office
50339,Namalpura,AD,Anuradhapura,North Central Province,Sub Post Office
90580,Namunukula,BD,Badulla,Uva Province,Main Post Office
41033,Nanattan,MB,Mannar,Northern Province,Sub Post Office
91519,Nannapurawa,MJ,Monaragala,Uva Province,Sub Post Office
22150,Nanuoya,NW,Nuwara Eliya,Central Province,Main Post Office
10704,Napawala,CO,Colombo,Western Province,Sub Post Office
60100,Narammala,KG,Kurunegala,North Western Province,Main Post Office
90064,Narangala,BD,Badulla,Uva Province,Sub Post Office
60152,Narangoda,KG,Kurunegala,North Western Province,Sub Post Office
20176,Narampanawa,KY,Kandy,Central Province,Sub Post Office
11063,Naranwala,GQ,Gampaha,Western Province,Sub Post Office
81302,Narawelpita,MH,Matara,Southern Province,Sub Post Office
61190,Nattandiya,PX,Puttalam,North Western Province,Main Post Office
20194,Nattarampotha,KY,Kandy,Central Province,Sub Post Office
21090,Naula,MT,Matale,Central Province,Main Post Office
80416,Navadagala,GL,Galle,Southern Province,Sub Post Office
30238,Navagirinagar,BC,Batticaloa,Eastern Province,Sub Post Office
30018,Navatkadu,BC,Batticaloa,Eastern Province,Main Post Office
81017,Navimana,MH,Matara,Southern Province,Sub Post Office
32308,Navithanveli,AR,Ampara,Eastern Province,Sub Post Office
61520,Nawagattegama,PX,Puttalam,North Western Province,Main Post Office
70469,Nawalakanda,RN,Ratnapura,Sabaragamuwa Province,Sub Post Office
20650,Nawalapitiya,KY,Kandy,Central Province,Main Post Office
51071,Nawamahasenpura,PR,Polonnaruwa,North Central Province,Sub Post Office
32120,Nawamedagama,APR,Ampara,Eastern Province,Main Post Office
11222,Nawana,GQ,Gampaha,Western Province,Sub Post Office
51066,Nawasenapura,PR,Polonnaruwa,North Central Province,Sub Post Office
60292,Nawatalwatta,KG,Kurunegala,North Western Province,Sub Post Office
22670,Nawathispane,NW,Nuwara Eliya,Central Province,Main Post Office
70165,Nawinnapinnakanda,RN,Ratnapura,Sabaragamuwa Province,Sub Post Office
12106,Nawuttuduwa,KT,Kalutara,Western Province,Sub Post Office
22568,Nayapana Colony,NW,Nuwara Eliya,Central Province,Sub Post Office
12030,Neboda,KT,Kalutara,Western Province,Main Post Office
11066,Nedungamuwa,GQ,Gampaha,Western Province,Sub Post Office
43075,Nedunkerny,VA,Vavuniya,Northern Province,Main Post Office
31228,Neelapola,TC,Trincomalee,Eastern Province,Sub Post Office
40165,Neervely,JA,Jaffna,Northern Province,Sub Post Office
11500,Negambo,GQ,Gampaha,Western Province,Main Post Office
50180,Negampaha,AD,Anuradhapura,North Central Province,Main Post Office
60549,Nelliya,KG,Kurunegala,North Western Province,Sub Post Office
32042,Nelliyadda,APR,Ampara,Eastern Province,Sub Post Office
90042,Nelumgama,BD,Badulla,Uva Province,Sub Post Office
51096,Nelumwewa,PR,Polonnaruwa,North Central Province,Sub Post Office
71060,Nelundeniya,KE,Kegalle,Sabaragamuwa Province,Main Post Office
80082,Neluwa,GL,Galle,Southern Province,Main Post Office
43100,Neriyakulam,VA,Vavuniya,Northern Province,Main Post Office
82135,Netolpitiya,HB,Hambantota,Southern Province,Sub Post Office
82414,Nihiluwa,HB,Hambantota,Southern Province,Sub Post Office
60580,Nikadalupotha,KG,Kurunegala,North Western Province,Main Post Office
11128,Nikahetikanda,GQ,Gampaha,Western Province,Sub Post Office
90165,Nikapotha,BD,Badulla,Uva Province,Sub Post Office
21203,Nikawehera,MT,Matale,Central Province,Sub Post Office
60470,Nikaweratiya,KG,Kurunegala,North Western Province,Main Post Office
31010,Nilaveli,TC,Trincomalee,Eastern Province,Main Post Office
22280,Nildandahinna,NW,Nuwara Eliya,Central Province,Main Post Office
91508,Nilgala,MJ,Monaragala,Uva Province,Sub Post Office
20418,Nillambe,KY,Kandy,Central Province,Sub Post Office
80318,Nindana,GL,Galle,Southern Province,Sub Post Office
32340,Nintavur,AR,Ampara,Eastern Province,Main Post Office
70038,Niralgama,RN,Ratnapura,Sabaragamuwa Province,Sub Post Office
22075,Nishshanka Uyana,NW,Nuwara Eliya,Central Province,Sub Post Office
11880,Nittambuwa,GQ,Gampaha,Western Province,Main Post Office
11354,Nivandama,GQ,Gampaha,Western Province,Sub Post Office
70400,Nivithigala,RN,Ratnapura,Sabaragamuwa Province,Main Post Office
71608,Niwatuwa,KE,Kegalle,Sabaragamuwa Province,Sub Post Office
71602,Niyadurupola,KE,Kegalle,Sabaragamuwa Province,Sub Post Office
50200,Nochchiyagama,AD,Anuradhapura,North Central Province,Main Post Office
71407,Noori,KE,Kegalle,Sabaragamuwa Province,Sub Post Office
61342,Norachcholai,PX,Puttalam,North Western Province,Main Post Office
22058,Norwood,NW,Nuwara Eliya,Central Province,Sub Post Office
21534,Nugagolla,MT,Matale,Central Province,Sub Post Office
20204,Nugaliyadda,KY,Kandy,Central Province,Sub Post Office
90216,Nugatalawa,BD,Badulla,Uva Province,Sub Post Office
20072,Nugawela,KY,Kandy,Central Province,Sub Post Office
10250,Nugegoda,CO,Colombo,Western Province,Main Post Office
22200,Nuwara Eliya,NW,Nuwara Eliya,Central Province,Main Post Office
51039,Nuwaragala,PR,Polonnaruwa,North Central Province,Sub Post Office
91007,Obbegoda,MJ,Monaragala,Uva Province,Sub Post Office
30420,Oddamavadi,BC,Batticaloa,Eastern Province,Main Post Office
42200,Oddusuddan,MP,Mullaitivu,Northern Province,Main Post Office
90168,Ohiya,BD,Badulla,Uva Province,Sub Post Office
91060,Okkampitiya,MJ,Monaragala,Uva Province,Main Post Office
32360,Oluwil,AR,Ampara,Eastern Province,Main Post Office
70215,Omalpe,RN,Ratnapura,Sabaragamuwa Province,Sub Post Office
43050,Omanthai,VA,Vavuniya,Northern Province,Sub Post Office
51004,Onegama,PR,Polonnaruwa,North Central Province,Sub Post Office
21076,Opalgala,MT,Matale,Central Province,Sub Post Office
70080,Opanayake,RN,Ratnapura,Sabaragamuwa Province,Main Post Office
80142,Opatha,GL,Galle,Southern Province,Sub Post Office
51256,Orubendisiyambalawa,PR,Polonnaruwa,North Central Province,Sub Post Office
21020,Ovilikanda,MT,Matale,Central Province,Main Post Office
41045,P.P.Potkerny,MB,Mannar,Northern Province,Sub Post Office
12074,Padagoda,KT,Kalutara,Western Province,Sub Post Office
70230,Padalangala,RN,Ratnapura,Sabaragamuwa Province,Main Post Office
50572,Padavi Maithripura,AD,Anuradhapura,North Central Province,Sub Post Office
50582,Padavi Parakramapura,AD,Anuradhapura,North Central Province,Sub Post Office
50588,Padavi Sri tissapura,AD,Anuradhapura,North Central Province,Sub Post Office
50587,Padavi Sripura,AD,Anuradhapura,North Central Province,Sub Post Office
50570,Padaviya,AD,Anuradhapura,North Central Province,Main Post Office
82636,Padawkema,HB,Hambantota,Southern Province,Sub Post Office
60461,Padeniya,KG,Kurunegala,North Western Province,Sub Post Office
50338,Padikaramaduwa,AD,Anuradhapura,North Central Province,Sub Post Office
60236,Padiwela,KG,Kurunegala,North Western Province,Sub Post Office
22750,Padiyapelella,NW,Nuwara Eliya,Central Province,Main Post Office
32100,Padiyatalawa,APR,Ampara,Eastern Province,Main Post Office
10500,Padukka,CO,Colombo,Western Province,Main Post Office
82008,Pahala Andarawewa,HB,Hambantota,Southern Province,Sub Post Office
60193,Pahala Diyadora,KG,Kurunegala,North Western Province,Sub Post Office
50206,Pahala Halmillewa,AD,Anuradhapura,North Central Province,Sub Post Office
50220,Pahala Maragahawewa,AD,Anuradhapura,North Central Province,Main Post Office
81472,Pahala Millawa,MH,Matara,Southern Province,Sub Post Office
50244,Pahalagama,AD,Anuradhapura,North Central Province,Sub Post Office
60735,Pahalagiribawa,KG,Kurunegala,North Western Province,Sub Post Office
12144,Pahalahewessa,KT,Kalutara,Western Province,Sub Post Office
32034,Pahalalanda,APR,Ampara,Eastern Province,Sub Post Office
90756,Pahalarathkinda,BD,Badulla,Uva Province,Sub Post Office
60112,Pahamune,KG,Kurunegala,North Western Province,Sub Post Office
12050,Paiyagala,KT,Kalutara,Western Province,Main Post Office
50111,Palagala,AD,Anuradhapura,North Central Province,Sub Post Office
43065,Palamoddai,VA,Vavuniya,Northern Province,Sub Post Office
41015,Palampiddy,MB,Mannar,Northern Province,Sub Post Office
32354,Palamunai,AR,Ampara,Eastern Province,Main Post Office
21070,Palapathwala,MT,Matale,Central Province,Main Post Office
81050,Palatuwa,MH,Matara,Southern Province,Main Post Office
61280,Palaviya,PX,Puttalam,North Western Province,Main Post Office
70607,Paleegala,RN,Ratnapura,Sabaragamuwa Province,Sub Post Office
42550,Pallai,KO,Kilinochchi,Northern Province,Main Post Office
61040,Pallama,PX,Puttalam,North Western Province,Main Post Office
42615,Pallavarayankaddu,KO,Kilinochchi,Northern Province,Sub Post Office
70170,Pallebedda,RN,Ratnapura,Sabaragamuwa Province,Main Post Office
20734,Pallebowala,KY,Kandy,Central Province,Sub Post Office
82454,Pallekanda,HB,Hambantota,Southern Province,Sub Post Office
90534,Pallekiruwa,BD,Badulla,Uva Province,Sub Post Office
20084,Pallekotuwa,KY,Kandy,Central Province,Sub Post Office
21152,Pallepola,MT,Matale,Central Province,Main Post Office
11150,Pallewela,GQ,Gampaha,Western Province,Main Post Office
61354,Palliwasalturai,PX,Puttalam,North Western Province,Sub Post Office
70161,Palugahawela,RN,Ratnapura,Sabaragamuwa Province,Sub Post Office
51046,Palugasdamana,PR,Polonnaruwa,North Central Province,Sub Post Office
50144,Palugaswewa,AD,Anuradhapura,North Central Province,Sub Post Office
60726,Palugolla,KG,Kurunegala,North Western Province,Sub Post Office
60704,Palukadawala,KG,Kurunegala,North Western Province,Sub Post Office
70133,Pambagolla,RN,Ratnapura,Sabaragamuwa Province,Sub Post Office
43135,Pampaimadu,VA,Vavuniya,Northern Province,Sub Post Office
11370,Pamunugama,GQ,Gampaha,Western Province,Main Post Office
11214,Pamunuwatta,GQ,Gampaha,Western Province,Sub Post Office
60348,Panadaragama,KG,Kurunegala,North Western Province,Sub Post Office
12500,Panadura,KT,Kalutara,Western Province,Main Post Office
60052,Panagamuwa,KG,Kurunegala,North Western Province,Sub Post Office
81075,Panakaduwa,MH,Matara,Southern Province,Sub Post Office
60312,Panaliya,KG,Kurunegala,North Western Province,Sub Post Office
32508,Panama,AR,Ampara,Eastern Province,Sub Post Office
70218,Panamura,RN,Ratnapura,Sabaragamuwa Province,Sub Post Office
80075,Panangala,GL,Galle,Southern Province,Sub Post Office
70461,Panapola,RN,Ratnapura,Sabaragamuwa Province,Sub Post Office
70152,Panapitiya,RN,Ratnapura,Sabaragamuwa Province,Sub Post Office
70612,Panawala,RN,Ratnapura,Sabaragamuwa Province,Sub Post Office
40100,Pandaterippu,JA,Jaffna,Northern Province,Main Post Office
50448,Pandukabayapura,AD,Anuradhapura,North Central Province,Sub Post Office
50029,Pandulagama,AD,Anuradhapura,North Central Province,Sub Post Office
90731,Pangaragammana,BD,Badulla,Uva Province,Sub Post Office
91002,Pangura,MJ,Monaragala,Uva Province,Sub Post Office
30444,Panichankerni,BC,Batticaloa,Eastern Province,Sub Post Office
61234,Panirendawa,PX,Puttalam,North Western Province,Sub Post Office
50009,Paniyankadawala,AD,Anuradhapura,North Central Province,Sub Post Office
30352,Pankudavely,BC,Batticaloa,Eastern Province,Sub Post Office
31034,Pankulam,TC,Trincomalee,Eastern Province,Sub Post Office
60558,Panliyadda,KG,Kurunegala,North Western Province,Sub Post Office
60160,Pannala,KG,Kurunegala,North Western Province,Main Post Office
32022,Pannalagama,APR,Ampara,Eastern Province,Sub Post Office
12114,Pannila,KT,Kalutara,Western Province,Sub Post Office
80086,Pannimulla Panagoda,GL,Galle,Southern Province,Sub Post Office
10230,Pannipitiya,CO,Colombo,Western Province,Main Post Office
60554,Pansiyagama,KG,Kurunegala,North Western Province,Sub Post Office
20830,Panwila,KY,Kandy,Central Province,Main Post Office
20544,Panwilatenna,KY,Kandy,Central Province,Main Post Office
20578,Paradeka,KY,Kandy,Central Province,Sub Post Office
60071,Paragahadeniya,KG,Kurunegala,North Western Province,Sub Post Office
32031,Paragahakele,APR,Ampara,Eastern Province,Sub Post Office
81474,Paragala,MH,Matara,Southern Province,Sub Post Office
12414,Paragastota,KT,Kalutara,Western Province,Sub Post Office
12302,Paragoda,KT,Kalutara,Western Province,Sub Post Office
12122,Paraigama,KT,Kalutara,Western Province,Sub Post Office
70550,Parakaduwa,RN,Ratnapura,Sabaragamuwa Province,Main Post Office
51016,Parakrama Samudraya,PR,Polonnaruwa,North Central Province,Sub Post Office
50326,Parakumpura,AD,Anuradhapura,North Central Province,Sub Post Office
50354,Parangiyawadiya,AD,Anuradhapura,North Central Province,Sub Post Office
42500,Paranthan,KO,Kilinochchi,Northern Province,Main Post Office
81322,Parapamulla,MH,Matara,Southern Province,Sub Post Office
71105,Parape,KE,Kegalle,Sabaragamuwa Province,Sub Post Office
50055,Parasangahawewa,AD,Anuradhapura,North Central Province,Sub Post Office
32506,Pasarichchenai,AR,Ampara,Eastern Province,Sub Post Office
20654,Pasbage,KY,Kandy,Central Province,Sub Post Office
81615,Pasgoda,MH,Matara,Southern Province,Sub Post Office
90500,Passara,BD,Badulla,Uva Province,Main Post Office
11890,Pasyala,GQ,Gampaha,Western Province,Sub Post Office
22012,Patana,NW,Nuwara Eliya,Central Province,Sub Post Office
90071,Pathanewatta,BD,Badulla,Uva Province,Sub Post Office
20511,Patitalawa,KY,Kandy,Central Province,Sub Post Office
71130,Pattampitiya,KE,Kegalle,Sabaragamuwa Province,Main Post Office
20118,Pattiya Watta,KY,Kandy,Central Province,Sub Post Office
43105,Pavatkulam,VA,Vavuniya,Northern Province,Sub Post Office
70045,Pebotuwa,RN,Ratnapura,Sabaragamuwa Province,Sub Post Office
12214,Pelanda,KT,Kalutara,Western Province,Sub Post Office
51033,Pelatiyawa,PR,Polonnaruwa,North Central Province,Sub Post Office
12138,Pelawatta,KT,Kalutara,Western Province,Sub Post Office
12146,Pelawatta Tea.Project,KT,Kalutara,Western Province,Sub Post Office
90522,Pelgahatenna,BD,Badulla,Uva Province,Main Post Office
11830,Peliyagoda,GQ,Gampaha,Western Province,Sub Post Office
70070,Pelmadulla,RN,Ratnapura,Sabaragamuwa Province,Main Post Office
70053,Pelwadiya,RN,Ratnapura,Sabaragamuwa Province,Sub Post Office
21105,Pelwehera,MT,Matale,Central Province,Sub Post Office
50020,Pemaduwa,AD,Anuradhapura,North Central Province,Main Post Office
81722,Penetiyana,MH,Matara,Southern Province,Sub Post Office
11741,Pepiliyawala,GQ,Gampaha,Western Province,Sub Post Office
20400,Peradeniya,KY,Kandy,Central Province,Main Post Office
21532,Perakanatta,MT,Matale,Central Province,Sub Post Office
90222,Perawella,BD,Badulla,Uva Province,Sub Post Office
50004,Perimiyankulama,AD,Anuradhapura,North Central Province,Sub Post Office
60518,Periyakadunelawa,KG,Kurunegala,North Western Province,Sub Post Office
41025,Periyakunchukkulam,MB,Mannar,Northern Province,Sub Post Office
41170,Periyamadu,MB,Mannar,Northern Province,Sub Post Office
32316,Periyaneelavanai,AR,Ampara,Eastern Province,Sub Post Office
30230,Periyaporativu,BC,Batticaloa,Eastern Province,Main Post Office
30358,Periyapullumalai,BC,Batticaloa,Eastern Province,Sub Post Office
43145,Periyathampanai,VA,Vavuniya,Northern Province,Sub Post Office
43110,Periyaulukkulam,VA,Vavuniya,Northern Province,Sub Post Office
41210,Pesalai,MB,Mannar,Northern Province,Main Post Office
11043,Pethiyagoda,GQ,Gampaha,Western Province,Sub Post Office
60439,Pihimbiya Ratmale,KG,Kurunegala,North Western Province,Sub Post Office
50512,Pihimbiyagollewa,AD,Anuradhapura,North Central Province,Sub Post Office
60053,Pihimbuwa,KG,Kurunegala,North Western Province,Sub Post Office
20196,Pilawala,KY,Kandy,Central Province,Sub Post Office
60058,Pilessa,KG,Kurunegala,North Western Province,Sub Post Office
20450,Pilimatalawa,KY,Kandy,Central Province,Main Post Office
10300,Piliyandala,CO,Colombo,Western Province,Main Post Office
30022,Pillaiyaradi,BC,Batticaloa,Eastern Province,Sub Post Office
70472,Pimbura,RN,Ratnapura,Sabaragamuwa Province,Sub Post Office
51102,Pimburattewa,PR,Polonnaruwa,North Central Province,Sub Post Office
70130,Pinnawala,RN,Ratnapura,Sabaragamuwa Province,Main Post Office
81450,Pitabeddara,MH,Matara,Southern Province,Main Post Office
71360,Pitagaldeniya,KE,Kegalle,Sabaragamuwa Province,Main Post Office
91505,Pitakumbura,MJ,Monaragala,Uva Province,Sub Post Office
90544,Pitamaruwa,BD,Badulla,Uva Province,Sub Post Office
90171,Pitapola,BD,Badulla,Uva Province,Sub Post Office
22682,Pitawala,NW,Nuwara Eliya,Central Province,Sub Post Office
80420,Pitigala,GL,Galle,Southern Province,Main Post Office
10206,Pitipana Homagama,CO,Colombo,Western Province,Sub Post Office
80170,Poddala,GL,Galle,Southern Province,Main Post Office
20106,Poholiyadda,KY,Kandy,Central Province,Sub Post Office
70562,Pohorabawa,RN,Ratnapura,Sabaragamuwa Province,Sub Post Office
40600,Point Pedro,JA,Jaffna,Northern Province,Main Post Office
12404,Pokunuwita,KT,Kalutara,Western Province,Main Post Office
60300,Polgahawela,KG,Kurunegala,North Western Province,Main Post Office
12136,Polgampola,KT,Kalutara,Western Province,Sub Post Office
10320,Polgasowita,CO,Colombo,Western Province,Main Post Office
20250,Polgolla,KY,Kandy,Central Province,Main Post Office
51000,Polonnaruwa,PR,Polonnaruwa,North Central Province,Main Post Office
11324,Polpithimukulana,GQ,Gampaha,Western Province,Sub Post Office
60620,Polpitigama,KG,Kurunegala,North Western Province,Main Post Office
32032,Polwaga Janapadaya,APR,Ampara,Eastern Province,Sub Post Office
61307,Ponparappi,PX,Puttalam,North Western Province,Sub Post Office
90107,Poonagala,BD,Badulla,Uva Province,Sub Post Office
42606,Poonakary Nallur,KO,Kilinochchi,Northern Province,Sub Post Office
20951,Poppitiya,KY,Kandy,Central Province,Sub Post Office
80408,Porawagama,GL,Galle,Southern Province,Sub Post Office
12432,Poruwedanda,KT,Kalutara,Western Province,Main Post Office
81538,Pothdeniya,MH,Matara,Southern Province,Sub Post Office
20312,Poththapitiya,KY,Kandy,Central Province,Sub Post Office
60330,Pothuhera,KG,Kurunegala,North Western Province,Main Post Office
71039,Pothukoladeniya,KE,Kegalle,Sabaragamuwa Province,Sub Post Office
70338,Pothupitiya,RN,Ratnapura,Sabaragamuwa Province,Sub Post Office
61162,Pothuwatawana,PX,Puttalam,North Western Province,Sub Post Office
32500,Pottuvil,AR,Ampara,Eastern Province,Main Post Office
21502,Pubbiliya,MT,Matale,Central Province,Sub Post Office
50122,Pubbogama,AD,Anuradhapura,North Central Province,Sub Post Office
10660,Pugoda,GQ,Gampaha,Western Province,Main Post Office
90212,Puhulpola,BD,Badulla,Uva Province,Sub Post Office
81290,Puhulwella,MH,Matara,Southern Province,Main Post Office
20112,Pujapitiya,KY,Kandy,Central Province,Main Post Office
51050,Pulastigama,PR,Polonnaruwa,North Central Province,Main Post Office
42509,Puliyampokkanai,KO,Kilinochchi,Northern Province,Sub Post Office
50328,Puliyankadawala,AD,Anuradhapura,North Central Province,Sub Post Office
43070,Puliyankulam,VA,Vavuniya,Northern Province,Sub Post Office
22051,Puliyawaththa,NW,Nuwara Eliya,Central Province,Sub Post Office
31017,Pulmoddai,TC,Trincomalee,Eastern Province,Main Post Office
40615,Puloly,JA,Jaffna,Northern Province,Sub Post Office
42600,Punakary,KO,Kilinochchi,Northern Province,Main Post Office
30428,Punanai,BC,Batticaloa,Eastern Province,Sub Post Office
22120,Pundaluoya,NW,Nuwara Eliya,Central Province,Main Post Office
50506,Punewa,AD,Anuradhapura,North Central Province,Sub Post Office
40330,Punguduthivu,JA,Jaffna,Northern Province,Main Post Office
20546,Pupuressa,KY,Kandy,Central Province,Sub Post Office
20580,Pussellawa,KY,Kandy,Central Province,Main Post Office
60072,Puswelitenna,KG,Kurunegala,North Western Province,Sub Post Office
42530,Puthukkudiyiruppu,MP,Mullaitivu,Northern Province,Main Post Office
30158,Puthukudiyiruppu,BC,Batticaloa,Eastern Province,Sub Post Office
42330,Puthuvedduvan,MP,Mullaitivu,Northern Province,Sub Post Office
61326,Puttalam Cement Factory,PX,Puttalam,North Western Province,Sub Post Office
61300,Puttalam,PX,Puttalam,North Western Province,Main Post Office
40158,Puttur,JA,Jaffna,Northern Province,Sub Post Office
20906,Putuhapuwa,KY,Kandy,Central Province,Sub Post Office
43140,Puvarasankulam,VA,Vavuniya,Northern Province,Sub Post Office
10712,Puwakpitiya,CO,Colombo,Western Province,Sub Post Office
11892,Radawadunna,GQ,Gampaha,Western Province,Sub Post Office
11725,Radawana,GQ,Gampaha,Western Province,Sub Post Office
81316,Radawela,MH,Matara,Southern Province,Sub Post Office
11400,Raddolugama,GQ,Gampaha,Western Province,Main Post Office
11010,Ragama,GQ,Gampaha,Western Province,Main Post Office
32068,Rajagalatenna,APR,Ampara,Eastern Province,Sub Post Office
10107,Rajagiriya,CO,Colombo,Western Province,Main Post Office
61242,Rajakadaluwa,PX,Puttalam,North Western Province,Sub Post Office
50246,Rajanganaya,AD,Anuradhapura,North Central Province,Sub Post Office
70116,Rajawaka,RN,Ratnapura,Sabaragamuwa Province,Sub Post Office
20180,Rajawella,KY,Kandy,Central Province,Main Post Office
80260,Rajgama,GL,Galle,Southern Province,Main Post Office
70300,Rakwana,RN,Ratnapura,Sabaragamuwa Province,Main Post Office
42408,Ramanathapuram,KO,Kilinochchi,Northern Province,Sub Post Office
50450,Rambewa,AD,Anuradhapura,North Central Province,Sub Post Office
22590,Ramboda,NW,Nuwara Eliya,Central Province,Main Post Office
20128,Rambukewela,KY,Kandy,Central Province,Sub Post Office
71100,Rambukkana,KE,Kegalle,Sabaragamuwa Province,Main Post Office
20676,Rambukpitiya,KY,Kandy,Central Province,Sub Post Office
82033,Rambukpotha,BD,Badulla,Uva Province,Sub Post Office
82554,Rammalawarapitiya,HB,Hambantota,Southern Province,Sub Post Office
50386,Rampathwila,AD,Anuradhapura,North Central Province,Sub Post Office
82612,Ranakeliya,HB,Hambantota,Southern Province,Sub Post Office
10654,Ranala,CO,Colombo,Western Province,Sub Post Office
21524,Ranamuregama,MT,Matale,Central Province,Sub Post Office
91204,Randeniya,MJ,Monaragala,Uva Province,Sub Post Office
20922,Rangala,KY,Kandy,Central Province,Sub Post Office
60095,Ranjanagama,KG,Kurunegala,North Western Province,Sub Post Office
82018,Ranmuduwewa,HB,Hambantota,Southern Province,Sub Post Office
82125,Ranna,HB,Hambantota,Southern Province,Main Post Office
50212,Ranorawa,AD,Anuradhapura,North Central Province,Sub Post Office
81064,Ransegoda,MH,Matara,Southern Province,Sub Post Office
20990,Rantembe,KY,Kandy,Central Province,Sub Post Office
80354,Rantotuvila,GL,Galle,Southern Province,Sub Post Office
70162,Ranwala,RN,Ratnapura,Sabaragamuwa Province,Sub Post Office
70135,Rassagala,RN,Ratnapura,Sabaragamuwa Province,Sub Post Office
10390,Rathmalana,CO,Colombo,Western Province,Main Post Office
50514,Rathmalgahawewa,AD,Anuradhapura,North Central Province,Sub Post Office
20818,Rathukohodigala,KY,Kandy,Central Province,Sub Post Office
90164,Ratkarawwa,BD,Badulla,Uva Province,Sub Post Office
81030,Ratmale,MH,Matara,Southern Province,Main Post Office
82276,Ratmalwala,HB,Hambantota,Southern Province,Sub Post Office
70036,Ratna Hangamuwa,RN,Ratnapura,Sabaragamuwa Province,Sub Post Office
70000,Ratnapura,RN,Ratnapura,Sabaragamuwa Province,Main Post Office
21400,Rattota,MT,Matale,Central Province,Main Post Office
12009,Remunagoda,KT,Kalutara,Western Province,Sub Post Office
90704,Rideemaliyadda,BD,Badulla,Uva Province,Sub Post Office
60606,Ridibendiella,KG,Kurunegala,North Western Province,Sub Post Office
60040,Ridigama,KG,Kurunegala,North Western Province,Main Post Office
20730,Rikillagaskada,KY,Kandy,Central Province,Main Post Office
90026,Rilpola,BD,Badulla,Uva Province,Sub Post Office
22672,Rojarsangama,NW,Nuwara Eliya,Central Province,Sub Post Office
31038,Rotawewa,TC,Trincomalee,Eastern Province,Sub Post Office
81074,Rotumba,MH,Matara,Southern Province,Sub Post Office
22008,Rozella,NW,Nuwara Eliya,Central Province,Sub Post Office
82106,Ruhunu Ridiyagama,HB,Hambantota,Southern Province,Sub Post Office
51112,Ruhunugama,PR,Polonnaruwa,North Central Province,Sub Post Office
11142,Rukgahavila,GQ,Gampaha,Western Province,Sub Post Office
11129,Rukmale,GQ,Gampaha,Western Province,Sub Post Office
22245,Rupaha,NW,Nuwara Eliya,Central Province,Sub Post Office
91056,Ruwalwela,MJ,Monaragala,Uva Province,Sub Post Office
22212,Ruwaneliya,NW,Nuwara Eliya,Central Province,Sub Post Office
71300,Ruwanwella,KE,Kegalle,Sabaragamuwa Province,Main Post Office
32280,Sainthamaruthu,AR,Ampara,Eastern Province,Main Post Office
60736,Saliya Asokapura,KG,Kurunegala,North Western Province,Sub Post Office
50008,Saliyapura,AD,Anuradhapura,North Central Province,Sub Post Office
61324,Saliyawewa Junction,PX,Puttalam,North Western Province,Sub Post Office
70142,Samanalawewa,RN,Ratnapura,Sabaragamuwa Province,Sub Post Office
32200,Sammanthurai,AR,Ampara,Eastern Province,Main Post Office
31006,Sampaltivu,TC,Trincomalee,Eastern Province,Sub Post Office
31216,Sampoor,TC,Trincomalee,Eastern Province,Sub Post Office
60176,Sandalankawa,KG,Kurunegala,North Western Province,Sub Post Office
20913,Sandasiri Dunuwila,KY,Kandy,Central Province,Sub Post Office
40098,Sandilipay,JA,Jaffna,Northern Province,Sub Post Office
20044,Sangarajapura,KY,Kandy,Central Province,Sub Post Office
43090,Sasthirikoolankulam,VA,Vavuniya,Northern Province,Sub Post Office
71708,Seaforth Colony,KE,Kegalle,Sabaragamuwa Province,Sub Post Office
11410,Seeduwa,GQ,Gampaha,Western Province,Main Post Office
50380,Seeppukulam,AD,Anuradhapura,North Central Province,Main Post Office
22207,Seetha Eliya,NW,Nuwara Eliya,Central Province,Sub Post Office
10700,Seethawakapura,CO,Colombo,Western Province,Main Post Office
21058,Selagama,MT,Matale,Central Province,Sub Post Office
91405,Sella Kataragama,MJ,Monaragala,Uva Province,Sub Post Office
50263,Selweheragama,AD,Anuradhapura,North Central Province,Sub Post Office
50284,Senapura,AD,Anuradhapura,North Central Province,Sub Post Office
20904,Senarathwala,KY,Kandy,Central Province,Sub Post Office
32101,Serankada,APR,Ampara,Eastern Province,Sub Post Office
61042,Serukele,PX,Puttalam,North Western Province,Sub Post Office
31232,Serunuwara,TC,Trincomalee,Eastern Province,Sub Post Office
31260,Seruwila,TC,Trincomalee,Eastern Province,Sub Post Office
70250,Sevanagala,MJ,Monaragala,Uva Province,Main Post Office
51062,Sevanapitiya,PR,Polonnaruwa,North Central Province,Sub Post Office
22202,Shanthipura,NW,Nuwara Eliya,Central Province,Sub Post Office
50042,Shravasthipura,AD,Anuradhapura,North Central Province,Sub Post Office
10304,Siddamulla,CO,Colombo,Western Province,Sub Post Office
21120,Sigiriya,MT,Matale,Central Province,Main Post Office
90364,Silmiyapura,BD,Badulla,Uva Province,Sub Post Office
90027,Silpolagama,BD,Badulla,Uva Province,Sub Post Office
51378,Singhagama,PR,Polonnaruwa,North Central Province,Sub Post Office
51022,Singhaudagama,PR,Polonnaruwa,North Central Province,Sub Post Office
31314,Sirajnagar,TC,Trincomalee,Eastern Province,Sub Post Office
61312,Sirambiadiya,PX,Puttalam,North Western Province,Sub Post Office
90044,Sirimalgoda,BD,Badulla,Uva Province,Sub Post Office
51155,Siripura,PR,Polonnaruwa,North Central Province,Main Post Office
60478,Sirisethagama,KG,Kurunegala,North Western Province,Sub Post Office
40229,Sithankerny,JA,Jaffna,Northern Province,Sub Post Office
30378,Sittandy,BC,Batticaloa,Eastern Province,Sub Post Office
50068,Sivalakulama,AD,Anuradhapura,North Central Province,Sub Post Office
42618,Sivapuram,KO,Kilinochchi,Northern Province,Sub Post Office
61504,Siyambalagashena,PX,Puttalam,North Western Province,Sub Post Office
60113,Siyambalagaskotuwa,KG,Kurunegala,North Western Province,Main Post Office
81462,Siyambalagoda,MH,Matara,Southern Province,Sub Post Office
91202,Siyambalagune,MJ,Monaragala,Uva Province,Sub Post Office
91030,Siyambalanduwa,MJ,Monaragala,Uva Province,Main Post Office
60646,Siyambalangamuwa,KG,Kurunegala,North Western Province,Sub Post Office
11607,Siyambalape,GQ,Gampaha,Western Province,Sub Post Office
32048,Siyambalawewa,APR,Ampara,Eastern Province,Sub Post Office
50184,Siyambalewa,AD,Anuradhapura,North Central Province,Sub Post Office
42415,Skandapuram,KO,Kilinochchi,Northern Province,Sub Post Office
00200,Slave Island,CO,Colombo,Western Province,Main Post Office
60737,Solepura,KG,Kurunegala,North Western Province,Sub Post Office
60738,Solewewa,KG,Kurunegala,North Western Province,Sub Post Office
31222,Somapura,TC,Trincomalee,Eastern Province,Sub Post Office
31307,Sooriyapura,TC,Trincomalee,Eastern Province,Sub Post Office
82010,Sooriyawewa Town,HB,Hambantota,Southern Province,Main Post Office
90718,Sorabora Colony,BD,Badulla,Uva Province,Sub Post Office
90183,Soragune,BD,Badulla,Uva Province,Sub Post Office
90008,Soranatota,BD,Badulla,Uva Province,Sub Post Office
10412,Soysapura,CO,Colombo,Western Province,Sub Post Office
90028,Spring Valley,BD,Badulla,Uva Province,Main Post Office
70151,Sri Godankumbura,RN,Ratnapura,Sabaragamuwa Province,Sub Post Office
10100,Sri Jayawardenapura,CO,Colombo,Western Province,Main Post Office
70004,Sri Palabaddala,RN,Ratnapura,Sabaragamuwa Province,Sub Post Office
70502,Sudagala,RN,Ratnapura,Sabaragamuwa Province,Sub Post Office
81051,Sultanagoda,MH,Matara,Southern Province,Sub Post Office
60436,Sunandapura,KG,Kurunegala,North Western Province,Sub Post Office
51052,Sungavila,PR,Polonnaruwa,North Central Province,Sub Post Office
91306,Suriyaara,MJ,Monaragala,Uva Province,Sub Post Office
10301,Suwarapola,CO,Colombo,Western Province,Sub Post Office
61322,Tabbowa,PX,Puttalam,North Western Province,Sub Post Office
11504,Talahena,GQ,Gampaha,Western Province,Sub Post Office
41220,Talaimannar,MB,Mannar,Northern Province,Main Post Office
21116,Talakiriyagama,MT,Matale,Central Province,Sub Post Office
70101,Talakolahinna,RN,Ratnapura,Sabaragamuwa Province,Sub Post Office
20200,Talatuoya,KY,Kandy,Central Province,Main Post Office
50230,Talawa,AD,Anuradhapura,North Central Province,Main Post Office
22100,Talawakele,NW,Nuwara Eliya,Central Province,Main Post Office
60306,Talawattegedara,KG,Kurunegala,North Western Province,Sub Post Office
10116,Talawatugoda,CO,Colombo,Western Province,Main Post Office
61344,Talawila Church,PX,Puttalam,North Western Province,Sub Post Office
90014,Taldena,BD,Badulla,Uva Province,Sub Post Office
80058,Talgampala,GL,Galle,Southern Province,Sub Post Office
80406,Talgaspe,GL,Galle,Southern Province,Sub Post Office
71541,Talgaspitiya,KE,Kegalle,Sabaragamuwa Province,Sub Post Office
80470,Talgaswala,GL,Galle,Southern Province,Main Post Office
80615,Talpe,GL,Galle,Southern Province,Sub Post Office
51044,Talpotha,PR,Polonnaruwa,North Central Province,Sub Post Office
51089,Tamankaduwa,PR,Polonnaruwa,North Central Province,Sub Post Office
51049,Tambala,PR,Polonnaruwa,North Central Province,Sub Post Office
60734,Tambutta,KG,Kurunegala,North Western Province,Sub Post Office
50240,Tambuttegama,AD,Anuradhapura,North Central Province,Main Post Office
50104,Tammennawa,AD,Anuradhapura,North Central Province,Sub Post Office
60517,Tammennawatiya,PX,Puttalam,North Western Province,Sub Post Office
31046,Tampalakamam,TC,Trincomalee,Eastern Province,Sub Post Office
91300,Tanamalwila,MJ,Monaragala,Uva Province,Main Post Office
82200,Tangalla,HB,Hambantota,Southern Province,Main Post Office
70118,Tanjantenna,RN,Ratnapura,Sabaragamuwa Province,Sub Post Office
50016,Tantirimale,AD,Anuradhapura,North Central Province,Sub Post Office
80148,Tawalama,GL,Galle,Southern Province,Sub Post Office
20838,Tawalantenna,KY,Kandy,Central Province,Sub Post Office
12025,Tebuwana,KT,Kalutara,Western Province,Sub Post Office
82103,Telawilla,HB,Hambantota,Southern Province,Sub Post Office
20900,Teldeniya,KY,Kandy,Central Province,Main Post Office
50242,Telhiriyawa,AD,Anuradhapura,North Central Province,Sub Post Office
71724,Teligama,KE,Kegalle,Sabaragamuwa Province,Sub Post Office
81060,Telijjawila,MH,Matara,Southern Province,Main Post Office
40130,Tellipalai,JA,Jaffna,Northern Province,Main Post Office
80242,Telwaththa,GL,Galle,Southern Province,Sub Post Office
32072,Tempitiya,APR,Ampara,Eastern Province,Sub Post Office
31019,Tennamaravady,TC,Trincomalee,Eastern Province,Sub Post Office
20166,Tennekumbura,KY,Kandy,Central Province,Sub Post Office
90072,Tennepanguwa,BD,Badulla,Uva Province,Sub Post Office
70512,Teppanawa,RN,Ratnapura,Sabaragamuwa Province,Sub Post Office
22287,Teripeha,NW,Nuwara Eliya,Central Province,Sub Post Office
42558,Thadduvankoddy,KO,Kilinochchi,Northern Province,Sub Post Office
60208,Thalahitimulla,KG,Kurunegala,North Western Province,Sub Post Office
60624,Thalakolawewa,KG,Kurunegala,North Western Province,Sub Post Office
42563,Thalayady,KO,Kilinochchi,Northern Province,Sub Post Office
60572,Thalwita,KG,Kurunegala,North Western Province,Sub Post Office
60584,Thambagalla,KG,Kurunegala,North Western Province,Sub Post Office
32415,Thambiluvil,AR,Ampara,Eastern Province,Sub Post Office
30024,Thannamunai,BC,Batticaloa,Eastern Province,Sub Post Office
60227,Tharana Udawela,KG,Kurunegala,North Western Province,Sub Post Office
41190,Tharapuram,MB,Mannar,Northern Province,Sub Post Office
42512,Tharmapuram,KO,Kilinochchi,Northern Province,Sub Post Office
30196,Thettativu,BC,Batticaloa,Eastern Province,Sub Post Office
81280,Thihagoda,MH,Matara,Southern Province,Main Post Office
30236,Thikkodai,BC,Batticaloa,Eastern Province,Sub Post Office
11532,Thimbirigaskatuwa,GQ,Gampaha,Western Province,Sub Post Office
90012,Thimbirigaspitiya,BD,Badulla,Uva Province,Sub Post Office
60476,Thimbiriyawa,KG,Kurunegala,North Western Province,Sub Post Office
30234,Thirupalugamam,BC,Batticaloa,Eastern Province,Sub Post Office
71619,Tholangamuwa,KE,Kegalle,Sabaragamuwa Province,Sub Post Office
40545,Thondamanaru,JA,Jaffna,Northern Province,Sub Post Office
41120,Thruketheeswaram Kovil,MB,Mannar,Northern Province,Sub Post Office
42320,Thunukkai,MP,Mullaitivu,Northern Province,Sub Post Office
30254,Thuraineelavanai,BC,Batticaloa,Eastern Province,Sub Post Office
80244,Tiranagama,GL,Galle,Southern Province,Sub Post Office
50072,Tirappane,AD,Anuradhapura,North Central Province,Sub Post Office
31016,Tiriyai,TC,Trincomalee,Eastern Province,Sub Post Office
32420,Tirukkovil,AR,Ampara,Eastern Province,Main Post Office
60453,Tisogama,KG,Kurunegala,North Western Province,Sub Post Office
82600,Tissamaharama,HB,Hambantota,Southern Province,Main Post Office
50558,Tittagonewa,AD,Anuradhapura,North Central Province,Sub Post Office
10664,Tittapattara,GQ,Gampaha,Western Province,Sub Post Office
61224,Toduwawa,PX,Puttalam,North Western Province,Sub Post Office
31250,Toppur,TC,Trincomalee,Eastern Province,Main Post Office
60499,Torayaya,KG,Kurunegala,North Western Province,Sub Post Office
31000,Trincomalee,TC,Trincomalee,Eastern Province,Main Post Office
71610,Tulhiriya,KE,Kegalle,Sabaragamuwa Province,Main Post Office
10682,Tummodara,CO,Colombo,Western Province,Main Post Office
70205,Tunkama,RN,Ratnapura,Sabaragamuwa Province,Sub Post Office
71062,Tuntota,KE,Kegalle,Sabaragamuwa Province,Sub Post Office
60426,Tuttiripitigama,KG,Kurunegala,North Western Province,Sub Post Office
82504,Uda gomadiya,HB,Hambantota,Southern Province,Sub Post Office
20404,Uda Peradeniya,KY,Kandy,Central Province,Sub Post Office
60241,Udadeniyagama,KG,Kurunegala,North Western Province,Sub Post Office
20950,Udadumbara,KY,Kandy,Central Province,Main Post Office
71113,Udagaldeniya,KE,Kegalle,Sabaragamuwa Province,Sub Post Office
70154,Udahawupe,RN,Ratnapura,Sabaragamuwa Province,Sub Post Office
60533,Udahena,KG,Kurunegala,North Western Province,Sub Post Office
20506,Udahentenna,KY,Kandy,Central Province,Sub Post Office
20094,Udahingulwala,KY,Kandy,Central Province,Sub Post Office
60043,Udahorombuwa,KY,Kandy,Central Province,Sub Post Office
70044,Udakarawita,RN,Ratnapura,Sabaragamuwa Province,Sub Post Office
80108,Udalamatta,GL,Galle,Southern Province,Sub Post Office
22285,Udamadura,NW,Nuwara Eliya,Central Province,Sub Post Office
82638,Udamattala,HB,Hambantota,Southern Province,Sub Post Office
70034,Udaniriella,RN,Ratnapura,Sabaragamuwa Province,Sub Post Office
71236,Udapotha,KE,Kegalle,Sabaragamuwa Province,Sub Post Office
61004,Udappuwa,PX,Puttalam,North Western Province,Sub Post Office
22250,Udapussellawa,NW,Nuwara Eliya,Central Province,Main Post Office
21051,Udasgiriya,MT,Matale,Central Province,Sub Post Office
20802,Udatalavinna,KY,Kandy,Central Province,Sub Post Office
21006,Udatenna,MT,Matale,Central Province,Sub Post Office
11054,Udathuththiripitiya,GQ,Gampaha,Western Province,Sub Post Office
70190,Udawalawe,RN,Ratnapura,Sabaragamuwa Province,Main Post Office
20722,Udawatta,KY,Kandy,Central Province,Sub Post Office
42532,Udayarkaddu,MP,Mullaitivu,Northern Province,Sub Post Office
20916,Udispattuwa,KY,Kandy,Central Province,Sub Post Office
60250,Udubaddawa,KG,Kurunegala,North Western Province,Main Post Office
80070,Udugama,GL,Galle,Southern Province,Main Post Office
11030,Udugampola,GQ,Gampaha,Western Province,Main Post Office
90226,Uduhawara,BD,Badulla,Uva Province,Sub Post Office
71521,Udumulla,KE,Kegalle,Sabaragamuwa Province,Sub Post Office
50207,Udunuwara Colony,AD,Anuradhapura,North Central Province,Sub Post Office
20052,Uduwa,KY,Kandy,Central Province,Sub Post Office
20934,Uduwahinna,KY,Kandy,Central Province,Sub Post Office
12322,Uduwara,KT,Kalutara,Western Province,Sub Post Office
20164,Uduwela,KY,Kandy,Central Province,Sub Post Office
32060,Uhana,APR,Ampara,Eastern Province,Main Post Office
60094,Uhumiya,KG,Kurunegala,North Western Province,Main Post Office
21300,Ukuwela,MT,Matale,Central Province,Main Post Office
20562,Ulapane,KY,Kandy,Central Province,Sub Post Office
70345,Ullinduwawa,RN,Ratnapura,Sabaragamuwa Province,Sub Post Office
60622,Ulpotha Pallekele,KG,Kurunegala,North Western Province,Sub Post Office
20965,Ulpothagama,KY,Kandy,Central Province,Sub Post Office
80168,Uluvitike,GL,Galle,Southern Province,Sub Post Office
51008,Unagalavehera,PR,Polonnaruwa,North Central Province,Sub Post Office
20719,Unantenna,KY,Kandy,Central Province,Sub Post Office
80600,Unawatuna,GL,Galle,Southern Province,Main Post Office
71200,Undugoda,KE,Kegalle,Sabaragamuwa Province,Main Post Office
80214,Unanvitiya,GL,Galle,Southern Province,Sub Post Office
30364,Unnichchai,BC,Batticaloa,Eastern Province,Sub Post Office
20708,Unuwinna,KY,Kandy,Central Province,Sub Post Office
50382,Upuldeniya,AD,Anuradhapura,North Central Province,Sub Post Office
80352,Uragaha,GL,Galle,Southern Province,Sub Post Office
80350,Uragasmanhandiya,GL,Galle,Southern Province,Main Post Office
90702,Uraniya,BD,Badulla,Uva Province,Sub Post Office
11126,Urapola,GQ,Gampaha,Western Province,Main Post Office
61502,Uriyawa,PX,Puttalam,North Western Province,Sub Post Office
81600,Urubokka,MH,Matara,Southern Province,Main Post Office
81230,Urugamuwa,MH,Matara,Southern Province,Main Post Office
40180,Urumpirai,JA,Jaffna,Northern Province,Main Post Office
81414,Urumutta,MH,Matara,Southern Province,Sub Post Office
42502,Uruthirapuram,KO,Kilinochchi,Northern Province,Sub Post Office
60732,Usgala Siyambalangamuwa,KG,Kurunegala,North Western Province,Sub Post Office
71510,Ussapitiya,KE,Kegalle,Sabaragamuwa Province,Main Post Office
11328,Uswetakeiyawa,GQ,Gampaha,Western Province,Sub Post Office
82278,Uswewa,HB,Hambantota,Southern Province,Sub Post Office
50067,Uttimaduwa,AD,Anuradhapura,North Central Province,Sub Post Office
12127,Utumgama,KT,Kalutara,Western Province,Sub Post Office
90062,Uva Deegalla,BD,Badulla,Uva Province,Sub Post Office
91054,Uva Gangodagama,MJ,Monaragala,Uva Province,Sub Post Office
90091,Uva Karandagolla,BD,Badulla,Uva Province,Sub Post Office
91298,Uva Kudaoya,MJ,Monaragala,Uva Province,Sub Post Office
90139,Uva Maligatenna,BD,Badulla,Uva Province,Sub Post Office
90192,Uva Mawelagama,BD,Badulla,Uva Province,Sub Post Office
90123,Uva Neluwa,BD,Badulla,Uva Province,Sub Post Office
91112,Uva Pelwatta,MJ,Monaragala,Uva Province,Sub Post Office
90188,Uva Tenna,BD,Badulla,Uva Province,Sub Post Office
90734,Uva Tissapura,BD,Badulla,Uva Province,Sub Post Office
90061,Uva Uduwara,BD,Badulla,Uva Province,Sub Post Office
90230,Uva Paranagama,BD,Badulla,Uva Province,Main Post Office
41110,Uylankulam,MB,Mannar,Northern Province,Sub Post Office
42405,Vaddakachchi,KO,Kilinochchi,Northern Province,Sub Post Office
41150,Vaddakandal,MB,Mannar,Northern Province,Sub Post Office
40220,Vaddukoddai,JA,Jaffna,Northern Province,Main Post Office
30424,Vakaneri,BC,Batticaloa,Eastern Province,Main Post Office
30450,Vakarai,BC,Batticaloa,Eastern Province,Main Post Office
30400,Valaichenai,BC,Batticaloa,Eastern Province,Main Post Office
41100,Vankalai,MB,Mannar,Northern Province,Main Post Office
42430,Vannerikulam,KO,Kilinochchi,Northern Province,Sub Post Office
30376,Vantharumoolai,BC,Batticaloa,Eastern Province,Sub Post Office
40640,Varany,JA,Jaffna,Northern Province,Sub Post Office
43123,Varikuddiyoor,VA,Vavuniya,Northern Province,Sub Post Office
40145,Vasavilan,JA,Jaffna,Northern Province,Main Post Office
42305,Vavunikulam,MP,Mullaitivu,Northern Province,Sub Post Office
43000,Vavuniya,VA,Vavuniya,Northern Province,Main Post Office
70459,Veddagala,RN,Ratnapura,Sabaragamuwa Province,Sub Post Office
91005,Vedikumbura,MJ,Monaragala,Uva Province,Sub Post Office
91073,Veheragoda,MJ,Monaragala,Uva Province,Sub Post Office
20640,Velamboda,KY,Kandy,Central Province,Main Post Office
40300,Velanai,JA,Jaffna,Northern Province,Main Post Office
31053,Vellamanal,TC,Trincomalee,Eastern Province,Sub Post Office
41185,Vellankulam,MB,Mannar,Northern Province,Sub Post Office
30204,Vellavely,BC,Batticaloa,Eastern Province,Sub Post Office
40540,Velvetiturai,JA,Jaffna,Northern Province,Main Post Office
42620,Veravil,KO,Kilinochchi,Northern Province,Sub Post Office
12204,Veyangalla,KT,Kalutara,Western Province,Sub Post Office
11100,Veyangoda,GQ,Gampaha,Western Province,Main Post Office
41165,Vidaththaltivu,MB,Mannar,Northern Province,Sub Post Office
81508,Viharahena,MH,Matara,Southern Province,Sub Post Office
50012,Viharapalugama,AD,Anuradhapura,North Central Province,Sub Post Office
70348,Vijeriya,RN,Ratnapura,Sabaragamuwa Province,Sub Post Office
50110,Vijithapura,AD,Anuradhapura,North Central Province,Main Post Office
42625,Vinayagapuram,KO,Kilinochchi,Northern Province,Sub Post Office
42534,Visvamadukkulam,MP,Mullaitivu,Northern Province,Sub Post Office
82232,Vitharandeniya,HB,Hambantota,Southern Province,Main Post Office
60318,Wadakada,KG,Kurunegala,North Western Province,Sub Post Office
12560,Wadduwa,KT,Kalutara,Western Province,Main Post Office
32039,Wadinagala,APR,Ampara,Eastern Province,Sub Post Office
60204,Wadumunnegedara,KG,Kurunegala,North Western Province,Sub Post Office
10680,Waga,CO,Colombo,Western Province,Main Post Office
71303,Wahakula,KE,Kegalle,Sabaragamuwa Province,Sub Post Office
50564,Wahalkada,AD,Anuradhapura,North Central Province,Sub Post Office
50492,Wahamalgollewa,AD,Anuradhapura,North Central Province,Sub Post Office
71304,Waharaka,KE,Kegalle,Sabaragamuwa Province,Sub Post Office
61110,Waikkala,PX,Puttalam,North Western Province,Main Post Office
80042,Wakwella,GL,Galle,Southern Province,Sub Post Office
50086,Walagambahuwa,AD,Anuradhapura,North Central Province,Sub Post Office
12112,Walagedara,KT,Kalutara,Western Province,Sub Post Office
80046,Walahanduwa,GL,Galle,Southern Province,Sub Post Office
50516,Walahaviddawewa,AD,Anuradhapura,North Central Province,Sub Post Office
81294,Walakanda,MH,Matara,Southern Province,Sub Post Office
60198,Walakumburumulla,KG,Kurunegala,North Western Province,Sub Post Office
12134,Walallawita,KT,Kalutara,Western Province,Sub Post Office
22270,Walapane,NW,Nuwara Eliya,Central Province,Main Post Office
81220,Walasgala,MH,Matara,Southern Province,Main Post Office
82450,Walasmulla,HB,Hambantota,Southern Province,Main Post Office
21048,Walawela,MT,Matale,Central Province,Sub Post Office
70138,Waleboda,RN,Ratnapura,Sabaragamuwa Province,Sub Post Office
11146,Walgammulla,GQ,Gampaha,Western Province,Sub Post Office
11226,Walpita,GQ,Gampaha,Western Province,Sub Post Office
11012,Walpola,GQ,Gampaha,Western Province,Sub Post Office
32454,Wanagamuwa,APR,Ampara,Eastern Province,Sub Post Office
11068,Wanaluwawa,GQ,Gampaha,Western Province,Sub Post Office
61306,Wanathawilluwa,PX,Puttalam,North Western Province,Sub Post Office
80120,Wanchawala,GL,Galle,Southern Province,Main Post Office
80100,Wanduramba,GL,Galle,Southern Province,Main Post Office
31308,Wanela,TC,Trincomalee,Eastern Province,Sub Post Office
60721,Wannikudawewa,KG,Kurunegala,North Western Province,Sub Post Office
60722,Wannilhalagama,KG,Kurunegala,North Western Province,Sub Post Office
60490,Wannirasnayakapura,KG,Kurunegala,North Western Province,Main Post Office
71600,Warakapola,KE,Kegalle,Sabaragamuwa Province,Main Post Office
81479,Waralla,MH,Matara,Southern Province,Sub Post Office
60739,Warawewa,KG,Kurunegala,North Western Province,Sub Post Office
60400,Wariyapola,KG,Kurunegala,North Western Province,Main Post Office
80084,Warukandeniya,GL,Galle,Southern Province,Sub Post Office
91198,Warunagama,MJ,Monaragala,Uva Province,Sub Post Office
21160,Wasalakotte,MT,Matale,Central Province,Main Post Office
12580,Waskaduwa,KT,Kalutara,Western Province,Main Post Office
20134,Watagoda Harispattuwa,KY,Kandy,Central Province,Sub Post Office
22110,Watagoda,NW,Nuwara Eliya,Central Province,Main Post Office
20508,Watakedeniya,KY,Kandy,Central Province,Sub Post Office
70408,Watapotha,RN,Ratnapura,Sabaragamuwa Province,Sub Post Office
10511,Watareka,CO,Colombo,Western Province,Sub Post Office
22010,Watawala,NW,Nuwara Eliya,Central Province,Main Post Office
11724,Wathurugama,GQ,Gampaha,Western Province,Sub Post Office
11104,Watinapaha,GQ,Gampaha,Western Province,Sub Post Office
11301,Wattala Market Junction,GQ,Gampaha,Western Province,Sub Post Office
11300,Wattala,GQ,Gampaha,Western Province,Main Post Office
20454,Wattappola,KY,Kandy,Central Province,Sub Post Office
20810,Wattegama,KY,Kandy,Central Province,Main Post Office
61198,Watugahamulla,PX,Puttalam,North Western Province,Sub Post Office
80340,Watugedara,GL,Galle,Southern Province,Main Post Office
71035,Watura,KE,Kegalle,Sabaragamuwa Province,Sub Post Office
70456,Waturawa,RN,Ratnapura,Sabaragamuwa Province,Sub Post Office
60262,Watuwatta,KG,Kurunegala,North Western Province,Sub Post Office
11858,Weboda,GQ,Gampaha,Western Province,Sub Post Office
71702,Weeoya,KE,Kegalle,Sabaragamuwa Province,Sub Post Office
82240,Weeraketiya,HB,Hambantota,Southern Province,Main Post Office
60267,Weerakodiyana,KG,Kurunegala,North Western Province,Sub Post Office
60097,Weerambugedara,KG,Kurunegala,North Western Province,Sub Post Office
60454,Weerapokuna,KG,Kurunegala,North Western Province,Sub Post Office
82615,Weerawila New Town,HB,Hambantota,Southern Province,Sub Post Office
82632,Weerawila,HB,Hambantota,Southern Province,Sub Post Office
71234,Wegalla,KE,Kegalle,Sabaragamuwa Province,Sub Post Office
11562,Wegowwa,GQ,Gampaha,Western Province,Sub Post Office
91206,Weherayaya Handapanagala,MJ,Monaragala,Uva Province,Sub Post Office
21009,Wehigala,MT,Matale,Central Province,Sub Post Office
80216,Weihena,GL,Galle,Southern Province,Sub Post Office
82246,Wekandawela,HB,Hambantota,Southern Province,Sub Post Office
21408,Welangahawatte,MT,Matale,Central Province,Sub Post Office
60464,Welawa Junction,KG,Kurunegala,North Western Province,Sub Post Office
90035,Welgollagama,BD,Badulla,Uva Province,Sub Post Office
20610,Weligalla,KY,Kandy,Central Province,Main Post Office
81700,Weligama,MH,Matara,Southern Province,Main Post Office
20666,Weligampola,KY,Kandy,Central Province,Sub Post Office
82004,Weligatta,HB,Hambantota,Southern Province,Sub Post Office
70104,Weligepola,RN,Ratnapura,Sabaragamuwa Province,Sub Post Office
71712,Welihelatenna,KE,Kegalle,Sabaragamuwa Province,Sub Post Office
51070,Welikanda,PR,Polonnaruwa,North Central Province,Main Post Office
90200,Welimada,BD,Badulla,Uva Province,Main Post Office
50358,Welimuwapotana,AD,Anuradhapura,North Central Province,Sub Post Office
50586,Welioya Project,AD,Anuradhapura,North Central Province,Sub Post Office
70124,Welipathayaya,RN,Ratnapura,Sabaragamuwa Province,Sub Post Office
12108,Welipenna,KT,Kalutara,Western Province,Main Post Office
60240,Welipennagahamulla,KG,Kurunegala,North Western Province,Main Post Office
81720,Welipitiya,MH,Matara,Southern Province,Main Post Office
11710,Weliveriya,GQ,Gampaha,Western Province,Main Post Office
60402,Wellegala,KG,Kurunegala,North Western Province,Sub Post Office
70293,Wellandura,RN,Ratnapura,Sabaragamuwa Province,Sub Post Office
60456,Wellarawa,KG,Kurunegala,North Western Province,Sub Post Office
60570,Wellawa,KG,Kurunegala,North Western Province,Main Post Office
00600,Wellawatta,CO,Colombo,Western Province,Main Post Office
91200,Wellawaya,MJ,Monaragala,Uva Province,Main Post Office
12534,Welmilla Junction,KT,Kalutara,Western Province,Sub Post Office
60206,Welpalla,KG,Kurunegala,North Western Province,Sub Post Office
20914,Wendaruwa,KY,Kandy,Central Province,Sub Post Office
61170,Wennappuwa,PX,Puttalam,North Western Province,Main Post Office
60284,Wennoruwa,KG,Kurunegala,North Western Province,Sub Post Office
71622,Weragala,KE,Kegalle,Sabaragamuwa Province,Sub Post Office
20982,Weragantota,KY,Kandy,Central Province,Sub Post Office
32062,Weranketagoda,APR,Ampara,Eastern Province,Sub Post Office
20908,Werapitiya,KY,Kandy,Central Province,Sub Post Office
20080,Werellagama,KY,Kandy,Central Province,Main Post Office
20108,Wettewa,KY,Kandy,Central Province,Sub Post Office
60080,Weuda,KG,Kurunegala,North Western Province,Main Post Office
60195,Wewagama,KG,Kurunegala,North Western Province,Sub Post Office
21114,Wewalawewa,MT,Matale,Central Province,Sub Post Office
90716,Wewatta,BD,Badulla,Uva Province,Sub Post Office
11894,Weweldeniya,GQ,Gampaha,Western Province,Sub Post Office
70066,Wewelwatta,RN,Ratnapura,Sabaragamuwa Province,Sub Post Office
22032,Widulipura,NW,Nuwara Eliya,Central Province,Sub Post Office
22018,Wijayabahukanda,NW,Nuwara Eliya,Central Province,Sub Post Office
51042,Wijayabahupura,PR,Polonnaruwa,North Central Province,Sub Post Office
61006,Wijayakatupotha,PX,Puttalam,North Western Province,Sub Post Office
70114,Wikiliya,RN,Ratnapura,Sabaragamuwa Province,Sub Post Office
20142,Wilanagama,KY,Kandy,Central Province,Sub Post Office
91022,Wilaoya,MJ,Monaragala,Uva Province,Sub Post Office
21530,Wilgamuwa,MT,Matale,Central Province,Main Post Office
81404,Wilpita,MH,Matara,Southern Province,Sub Post Office
61008,Wilpotha,PX,Puttalam,North Western Province,Sub Post Office
90034,Wineethagama,BD,Badulla,Uva Province,Sub Post Office
60465,Withikuliya,KG,Kurunegala,North Western Province,Sub Post Office
12124,Yagirala,KT,Kalutara,Western Province,Sub Post Office
20234,Yahalatenna,KY,Kandy,Central Province,Sub Post Office
11870,Yakkala,GQ,Gampaha,Western Province,Main Post Office
80150,Yakkalamulla,GL,Galle,Southern Province,Main Post Office
60202,Yakwila,KG,Kurunegala,North Western Province,Main Post Office
90329,Yalagamuwa,BD,Badulla,Uva Province,Sub Post Office
90706,Yalwela,BD,Badulla,Uva Province,Sub Post Office
12104,Yatadolawatta,KT,Kalutara,Western Province,Sub Post Office
71116,Yatagama,KE,Kegalle,Sabaragamuwa Province,Sub Post Office
80107,Yatalamatta,GL,Galle,Southern Province,Sub Post Office
71326,Yatapana,KE,Kegalle,Sabaragamuwa Province,Sub Post Office
12006,Yatawara Junction,KT,Kalutara,Western Province,Sub Post Office
21056,Yatawatta,MT,Matale,Central Province,Main Post Office
82418,Yatigala,HB,Hambantota,Southern Province,Sub Post Office
60314,Yatigaloluwa,KG,Kurunegala,North Western Province,Sub Post Office
20034,Yatihalagala,KY,Kandy,Central Province,Sub Post Office
60345,Yatikaduruwa,KG,Kurunegala,North Western Province,Sub Post Office
20529,Yatipiyangala,KY,Kandy,Central Province,Sub Post Office
81034,Yatiyana,MH,Matara,Southern Province,Sub Post Office
11566,Yatiyana,GQ,Gampaha,Western Province,Sub Post Office
71700,Yatiyantota,KE,Kegalle,Sabaragamuwa Province,Main Post Office
12147,Yattapatha Sinharaja Gardens,KT,Kalutara,Western Province,Sub Post Office
71029,Yattogoda,KE,Kegalle,Sabaragamuwa Province,Sub Post Office
51422,Yodaela,PR,Polonnaruwa,North Central Province,Sub Post Office
42315,Yogapuram,MP,Mullaitivu,Northern Province,Sub Post Office
61144,Yogiyana,PX,Puttalam,North Western Province,Sub Post Office
51424,Yudaganawa,PR,Polonnaruwa,North Central Province,Sub Post Office
